produto_id;produto;capacidade;cor;titulo_da_cor;esgotado;e_a_cor_do_card
14973637427560;Mug Térmica Café To Go Twilight Stanley 1913;236ml;Cream Gloss;Mug Térmica Café To Go Cream Gloss Stanley 1913 | 236ml;False;False
14973637427560;Mug Térmica Café To Go Twilight Stanley 1913;236ml;Black 2.0;Mug Térmica Café To Go Black 2.0 Stanley 1913 | 236ml;False;False
14973637427560;Mug Térmica Café To Go Twilight Stanley 1913;236ml;Toast;Mug Térmica Café To Go Toast Stanley 1913 | 236ml;False;False
14973637427560;Mug Térmica Café To Go Twilight Stanley 1913;236ml;Peach Rose;Mug Térmica Café To Go Peach Rose Stanley 1913 | 236ml;False;False
14973637427560;Mug Térmica Café To Go Twilight Stanley 1913;236ml;Coffee;Mug Térmica Café To Go Coffee Stanley 1913 | 236ml;False;False
14973637427560;Mug Térmica Café To Go Twilight Stanley 1913;236ml;Blue Dream Stone;Mug Térmica Café To Go Blue Dream Stone | 236ml;False;False
14973637427560;Mug Térmica Café To Go Twilight Stanley 1913;236ml;Twilight;Mug Térmica Café To Go Twilight Stanley 1913 | 236ml;False;True
14973629694312;Mug Térmica Café To Go Blue Dream Stone;236ml;Cream Gloss;Mug Térmica Café To Go Cream Gloss Stanley 1913 | 236ml;False;False
14973629694312;Mug Térmica Café To Go Blue Dream Stone;236ml;Black 2.0;Mug Térmica Café To Go Black 2.0 Stanley 1913 | 236ml;False;False
14973629694312;Mug Térmica Café To Go Blue Dream Stone;236ml;Toast;Mug Térmica Café To Go Toast Stanley 1913 | 236ml;False;False
14973629694312;Mug Térmica Café To Go Blue Dream Stone;236ml;Peach Rose;Mug Térmica Café To Go Peach Rose Stanley 1913 | 236ml;False;False
14973629694312;Mug Térmica Café To Go Blue Dream Stone;236ml;Coffee;Mug Térmica Café To Go Coffee Stanley 1913 | 236ml;False;False
14973629694312;Mug Térmica Café To Go Blue Dream Stone;236ml;Blue Dream Stone;Mug Térmica Café To Go Blue Dream Stone | 236ml;False;True
14973629694312;Mug Térmica Café To Go Blue Dream Stone;236ml;Twilight;Mug Térmica Café To Go Twilight Stanley 1913 | 236ml;False;False
14973629661544;Quencher Protour Blue Dream;1.18L;Agave;Quencher Protour Agave Stanley 1913 | 1.18l;False;False
14973629661544;Quencher Protour Blue Dream;1.18L;Ash Fade;Quencher Protour Ash Fade Stanley 1913 | 1.18l;False;False
14973629661544;Quencher Protour Blue Dream;1.18L;Black Fade;Quencher Protour Black Fade Stanley 1913 | 1.18l;False;False
14973629661544;Quencher Protour Blue Dream;1.18L;Dried Pine;Quencher Protour Dried Pine Stanley 1913 | 1.18L;False;False
14973629661544;Quencher Protour Blue Dream;1.18L;Frost Fade;Quencher Protour Frost Fade Stanley 1913 | 1.18l;False;False
14973629661544;Quencher Protour Blue Dream;1.18L;Messi Black;Quencher Protour Messi Black Stanley 1913 | 1.18L;False;False
14973629661544;Quencher Protour Blue Dream;1.18L;Pink Messi;Quencher Protour Pink Messi Stanley 1913 | 1.18L;False;False
14973629661544;Quencher Protour Blue Dream;1.18L;Prickly Pear;Quencher Protour Prickly Pear Stanley 1913 | 1.18l;False;False
14973629661544;Quencher Protour Blue Dream;1.18L;Rose Quartz Fade;Quencher Protour Rose Quartz Fade Stanley 1913 | 1.18l;False;False
14973629661544;Quencher Protour Blue Dream;1.18L;Toast;Quencher Protour Toast Stanley 1913 | 1.18L;False;False
14973629661544;Quencher Protour Blue Dream;1.18L;Twilight;Quencher Protour Twilight Stanley 1913 | 1.18L;False;False
14973629661544;Quencher Protour Blue Dream;1.18L;Wild Blooms;Quencher Protour Wild Blooms Stanley 1913 | 1.18L;False;False
14973629661544;Quencher Protour Blue Dream;1.18L;Costal Teal;Quencher Protour Costal Teal Stanley 1913 | 1.18L;False;False
14973629661544;Quencher Protour Blue Dream;1.18L;Frost;Quencher Protour Frost Lovely Stanley 1913 | 1.18L;False;False
14973629661544;Quencher Protour Blue Dream;1.18L;Orange Sherbet;Quencher Protour Orange Sherbet Stanley 1913 | 1.18L;False;False
14973629661544;Quencher Protour Blue Dream;1.18L;Dark Navy;Quencher Protour Dark Navy Stanley 1913 | 1.18L;False;False
14973629661544;Quencher Protour Blue Dream;1.18L;Cream;Quencher Protour Cream Stanley 1913 | 1.18l;False;False
14973629661544;Quencher Protour Blue Dream;1.18L;Sorbet Wildflower;Quencher Protour Sorbet Wildflower  | 1.18L;False;False
14973629661544;Quencher Protour Blue Dream;1.18L;Blue Dream;Quencher Protour Blue Dream | 1.18L;False;True
14973629530472;Copo Quencher Blue Dream Wildflower;887ML;Rose Quartz;Copo Quencher Rose Quartz Stanley 1913 | 887ML;False;False
14973629530472;Copo Quencher Blue Dream Wildflower;887ML;Cream;Copo Quencher Cream Stanley 1913 | 887ML;False;False
14973629530472;Copo Quencher Blue Dream Wildflower;887ML;Frost;Copo Quencher Frost Stanley 1913 | 887ml;False;False
14973629530472;Copo Quencher Blue Dream Wildflower;887ML;Black 2.0;Copo Quencher Black 2.0 Stanley 1913 | 887ML;False;False
14973629530472;Copo Quencher Blue Dream Wildflower;887ML;Antique Pink;Copo Quencher Antique Pink Stanley 1913 | 887ml;False;False
14973629530472;Copo Quencher Blue Dream Wildflower;887ML;Camel;Copo Quencher Camel Stanley 1913 | 887ml;False;False
14973629530472;Copo Quencher Blue Dream Wildflower;887ML;Hydrangea;Copo Quencher Hydrangea Stanley 1913 | 887ml;False;False
14973629530472;Copo Quencher Blue Dream Wildflower;887ML;Cherry Blossom;Copo Quencher Cherry Blossom Stanley 1913 | 887ml;False;False
14973629530472;Copo Quencher Blue Dream Wildflower;887ML;Cream Moon;Copo Quencher Cream Moon Stanley 1913 | 887ml;False;False
14973629530472;Copo Quencher Blue Dream Wildflower;887ML;Dew Drop;Copo Quencher Dew Drop Stanley 1913 | 887ml;False;False
14973629530472;Copo Quencher Blue Dream Wildflower;887ML;Pistachio;Copo Quencher Pistachio Stanley 1913 | 887ml;False;False
14973629530472;Copo Quencher Blue Dream Wildflower;887ML;Almond Rose;Copo Quencher Almond Rose Stanley 1913 | 887ml;False;False
14973629530472;Copo Quencher Blue Dream Wildflower;887ML;Bloom;Copo Quencher Bloom Stanley 1913 | 887ML;False;False
14973629530472;Copo Quencher Blue Dream Wildflower;887ML;Cornflower Cabana Gloss;Copo Quencher Cornflower Cabana Gloss Stanley 1913 | 887ml;False;False
14973629530472;Copo Quencher Blue Dream Wildflower;887ML;Cornflower Gloss;Copo Quencher Cornflower Gloss Stanley 1913 | 887ml;False;False
14973629530472;Copo Quencher Blue Dream Wildflower;887ML;Cream Royal;Copo Quencher Cream Royal Stanley 1913 | 887ml;False;False
14973629530472;Copo Quencher Blue Dream Wildflower;887ML;Fuchsia;Copo Quencher Fuchsia Stanley 1913 | 887ml;False;False
14973629530472;Copo Quencher Blue Dream Wildflower;887ML;Peach Whip Cabana Gloss;Copo Quencher Peach Whip Cabana Gloss Stanley 1913 | 887ml;False;False
14973629530472;Copo Quencher Blue Dream Wildflower;887ML;Peach Whip Gloss;Copo Quencher Peach Whip Gloss Stanley 1913 | 887ml;False;False
14973629530472;Copo Quencher Blue Dream Wildflower;887ML;Cool Serene;Copo Quencher Cool Serene Stanley 1913 | 887ML;False;False
14973629530472;Copo Quencher Blue Dream Wildflower;887ML;Citron;Copo Quencher Citron Stanley 1913 | 887ML;False;False
14973629530472;Copo Quencher Blue Dream Wildflower;887ML;Ash;Copo Quencher Ash Stanley 1913 | 887ml;False;False
14973629530472;Copo Quencher Blue Dream Wildflower;887ML;Black 2.0;Copo Quencher Black 2.0 Stanley 1913 | 887ml;False;False
14973629530472;Copo Quencher Blue Dream Wildflower;887ML;Peach Rose;Copo Quencher Peach Rose Stanley 1913 | 887ml;False;False
14973629530472;Copo Quencher Blue Dream Wildflower;887ML;Purple Dust;Copo Quencher Purple Dust Stanley 1913 | 887ml;False;False
14973629530472;Copo Quencher Blue Dream Wildflower;887ML;Sahara Plume;Copo Quencher Sahara Plume Stanley 1913 | 887ml;False;False
14973629530472;Copo Quencher Blue Dream Wildflower;887ML;Sea Glass Plume;Copo Quencher Sea Glass Plume Stanley 1913 | 887ml;False;False
14973629530472;Copo Quencher Blue Dream Wildflower;887ML;Tropical Teal;Copo Quencher Heat Wave Tropical Teal Stanley 1913 | 887ML;False;False
14973629530472;Copo Quencher Blue Dream Wildflower;887ML;Chili;Copo Quencher Heat Wave Heat Wave Chili Stanley 1913 | 887ML;False;False
14973629530472;Copo Quencher Blue Dream Wildflower;887ML;Bright Lime;Copo Quencher Heat Wave Bright Lime Stanley 1913 | 887ML;False;False
14973629530472;Copo Quencher Blue Dream Wildflower;887ML;Blue Dream Wildflower;Copo Quencher Blue Dream Wildflower | 887ML;False;True
14973629497704;Quencher Protour Sorbet Wildflower;1.18L;Agave;Quencher Protour Agave Stanley 1913 | 1.18l;False;False
14973629497704;Quencher Protour Sorbet Wildflower;1.18L;Ash Fade;Quencher Protour Ash Fade Stanley 1913 | 1.18l;False;False
14973629497704;Quencher Protour Sorbet Wildflower;1.18L;Black Fade;Quencher Protour Black Fade Stanley 1913 | 1.18l;False;False
14973629497704;Quencher Protour Sorbet Wildflower;1.18L;Dried Pine;Quencher Protour Dried Pine Stanley 1913 | 1.18L;False;False
14973629497704;Quencher Protour Sorbet Wildflower;1.18L;Frost Fade;Quencher Protour Frost Fade Stanley 1913 | 1.18l;False;False
14973629497704;Quencher Protour Sorbet Wildflower;1.18L;Messi Black;Quencher Protour Messi Black Stanley 1913 | 1.18L;False;False
14973629497704;Quencher Protour Sorbet Wildflower;1.18L;Pink Messi;Quencher Protour Pink Messi Stanley 1913 | 1.18L;False;False
14973629497704;Quencher Protour Sorbet Wildflower;1.18L;Prickly Pear;Quencher Protour Prickly Pear Stanley 1913 | 1.18l;False;False
14973629497704;Quencher Protour Sorbet Wildflower;1.18L;Rose Quartz Fade;Quencher Protour Rose Quartz Fade Stanley 1913 | 1.18l;False;False
14973629497704;Quencher Protour Sorbet Wildflower;1.18L;Toast;Quencher Protour Toast Stanley 1913 | 1.18L;False;False
14973629497704;Quencher Protour Sorbet Wildflower;1.18L;Twilight;Quencher Protour Twilight Stanley 1913 | 1.18L;False;False
14973629497704;Quencher Protour Sorbet Wildflower;1.18L;Wild Blooms;Quencher Protour Wild Blooms Stanley 1913 | 1.18L;False;False
14973629497704;Quencher Protour Sorbet Wildflower;1.18L;Costal Teal;Quencher Protour Costal Teal Stanley 1913 | 1.18L;False;False
14973629497704;Quencher Protour Sorbet Wildflower;1.18L;Frost;Quencher Protour Frost Lovely Stanley 1913 | 1.18L;False;False
14973629497704;Quencher Protour Sorbet Wildflower;1.18L;Orange Sherbet;Quencher Protour Orange Sherbet Stanley 1913 | 1.18L;False;False
14973629497704;Quencher Protour Sorbet Wildflower;1.18L;Dark Navy;Quencher Protour Dark Navy Stanley 1913 | 1.18L;False;False
14973629497704;Quencher Protour Sorbet Wildflower;1.18L;Cream;Quencher Protour Cream Stanley 1913 | 1.18l;False;False
14973629497704;Quencher Protour Sorbet Wildflower;1.18L;Sorbet Wildflower;Quencher Protour Sorbet Wildflower  | 1.18L;False;True
14973626876264;Garrafa Vitalize Tempo Blue Dream;710ml;Black;Garrafa Vitalize Tempo Black Stanley 1913 | 710ml;False;False
14973626876264;Garrafa Vitalize Tempo Blue Dream;710ml;Chalk;Garrafa Vitalize Tempo Chalk Stanley 1913 | 710ml;False;False
14973626876264;Garrafa Vitalize Tempo Blue Dream;710ml;Purple Umbra;Garrafa Vitalize Tempo Purple Umbra Stanley 1913 | 710ml;False;False
14973626876264;Garrafa Vitalize Tempo Blue Dream;710ml;Rose Quartz;Garrafa Vitalize Tempo Rose Quartz Stanley 1913 | 710ml;False;False
14973626876264;Garrafa Vitalize Tempo Blue Dream;710ml;Blue Dream;Garrafa Vitalize Tempo Blue Dream | 710ml;False;True
14973626745192;Garrafa Térmica Flowstate™ Spring Blue Dream Stone Stanley 1913;591ml;Rose Quartz;Garrafa Térmica Flowstate™ Spring Rose Quartz Stanley 1913 | 591ml;False;False
14973626745192;Garrafa Térmica Flowstate™ Spring Blue Dream Stone Stanley 1913;591ml;Cream;Garrafa Térmica Flowstate™ Spring Cream Stanley 1913 | 591ml;False;False
14973626745192;Garrafa Térmica Flowstate™ Spring Blue Dream Stone Stanley 1913;591ml;Blue Dream Stone;Garrafa Térmica Flowstate™ Spring Blue Dream Stone Stanley 1913 | 591ml;False;True
14973626745192;Garrafa Térmica Flowstate™ Spring Blue Dream Stone Stanley 1913;591ml;Black 2.0;Garrafa Térmica Flowstate™ Spring Black 2.0 Stanley 1913 | 591ml;False;False
14973626745192;Garrafa Térmica Flowstate™ Spring Blue Dream Stone Stanley 1913;591ml;Ash;Garrafa Térmica Flowstate™ Spring Ash Stanley 1913 | 591ml;False;False
14973626745192;Garrafa Térmica Flowstate™ Spring Blue Dream Stone Stanley 1913;591ml;Peach Rose;Garrafa Térmica Flowstate™ Spring  Peach Rose Stanley 1913 | 591ml;False;False
14973626712424;Garrafa Térmica Flowstate™ Spring  Peach Rose Stanley 1913;591ml;Rose Quartz;Garrafa Térmica Flowstate™ Spring Rose Quartz Stanley 1913 | 591ml;False;False
14973626712424;Garrafa Térmica Flowstate™ Spring  Peach Rose Stanley 1913;591ml;Cream;Garrafa Térmica Flowstate™ Spring Cream Stanley 1913 | 591ml;False;False
14973626712424;Garrafa Térmica Flowstate™ Spring  Peach Rose Stanley 1913;591ml;Blue Dream Stone;Garrafa Térmica Flowstate™ Spring Blue Dream Stone Stanley 1913 | 591ml;False;False
14973626712424;Garrafa Térmica Flowstate™ Spring  Peach Rose Stanley 1913;591ml;Black 2.0;Garrafa Térmica Flowstate™ Spring Black 2.0 Stanley 1913 | 591ml;False;False
14973626712424;Garrafa Térmica Flowstate™ Spring  Peach Rose Stanley 1913;591ml;Ash;Garrafa Térmica Flowstate™ Spring Ash Stanley 1913 | 591ml;False;False
14973626712424;Garrafa Térmica Flowstate™ Spring  Peach Rose Stanley 1913;591ml;Peach Rose;Garrafa Térmica Flowstate™ Spring  Peach Rose Stanley 1913 | 591ml;False;True
14973626679656;Garrafa Térmica Flowstate™ Spring Ash Stanley 1913;591ml;Rose Quartz;Garrafa Térmica Flowstate™ Spring Rose Quartz Stanley 1913 | 591ml;False;False
14973626679656;Garrafa Térmica Flowstate™ Spring Ash Stanley 1913;591ml;Cream;Garrafa Térmica Flowstate™ Spring Cream Stanley 1913 | 591ml;False;False
14973626679656;Garrafa Térmica Flowstate™ Spring Ash Stanley 1913;591ml;Blue Dream Stone;Garrafa Térmica Flowstate™ Spring Blue Dream Stone Stanley 1913 | 591ml;False;False
14973626679656;Garrafa Térmica Flowstate™ Spring Ash Stanley 1913;591ml;Black 2.0;Garrafa Térmica Flowstate™ Spring Black 2.0 Stanley 1913 | 591ml;False;False
14973626679656;Garrafa Térmica Flowstate™ Spring Ash Stanley 1913;591ml;Ash;Garrafa Térmica Flowstate™ Spring Ash Stanley 1913 | 591ml;False;True
14973626679656;Garrafa Térmica Flowstate™ Spring Ash Stanley 1913;591ml;Peach Rose;Garrafa Térmica Flowstate™ Spring  Peach Rose Stanley 1913 | 591ml;False;False
14973626646888;Garrafa Térmica Flowstate™ Spring Rose Quartz Stanley 1913;591ml;Rose Quartz;Garrafa Térmica Flowstate™ Spring Rose Quartz Stanley 1913 | 591ml;False;True
14973626646888;Garrafa Térmica Flowstate™ Spring Rose Quartz Stanley 1913;591ml;Cream;Garrafa Térmica Flowstate™ Spring Cream Stanley 1913 | 591ml;False;False
14973626646888;Garrafa Térmica Flowstate™ Spring Rose Quartz Stanley 1913;591ml;Blue Dream Stone;Garrafa Térmica Flowstate™ Spring Blue Dream Stone Stanley 1913 | 591ml;False;False
14973626646888;Garrafa Térmica Flowstate™ Spring Rose Quartz Stanley 1913;591ml;Black 2.0;Garrafa Térmica Flowstate™ Spring Black 2.0 Stanley 1913 | 591ml;False;False
14973626646888;Garrafa Térmica Flowstate™ Spring Rose Quartz Stanley 1913;591ml;Ash;Garrafa Térmica Flowstate™ Spring Ash Stanley 1913 | 591ml;False;False
14973626646888;Garrafa Térmica Flowstate™ Spring Rose Quartz Stanley 1913;591ml;Peach Rose;Garrafa Térmica Flowstate™ Spring  Peach Rose Stanley 1913 | 591ml;False;False
14973626614120;Garrafa Térmica Flowstate™ Spring Cream Stanley 1913;591ml;Rose Quartz;Garrafa Térmica Flowstate™ Spring Rose Quartz Stanley 1913 | 591ml;False;False
14973626614120;Garrafa Térmica Flowstate™ Spring Cream Stanley 1913;591ml;Cream;Garrafa Térmica Flowstate™ Spring Cream Stanley 1913 | 591ml;False;True
14973626614120;Garrafa Térmica Flowstate™ Spring Cream Stanley 1913;591ml;Blue Dream Stone;Garrafa Térmica Flowstate™ Spring Blue Dream Stone Stanley 1913 | 591ml;False;False
14973626614120;Garrafa Térmica Flowstate™ Spring Cream Stanley 1913;591ml;Black 2.0;Garrafa Térmica Flowstate™ Spring Black 2.0 Stanley 1913 | 591ml;False;False
14973626614120;Garrafa Térmica Flowstate™ Spring Cream Stanley 1913;591ml;Ash;Garrafa Térmica Flowstate™ Spring Ash Stanley 1913 | 591ml;False;False
14973626614120;Garrafa Térmica Flowstate™ Spring Cream Stanley 1913;591ml;Peach Rose;Garrafa Térmica Flowstate™ Spring  Peach Rose Stanley 1913 | 591ml;False;False
14973626581352;Garrafa Térmica Flowstate™ Spring Black 2.0 Stanley 1913;591ml;Rose Quartz;Garrafa Térmica Flowstate™ Spring Rose Quartz Stanley 1913 | 591ml;False;False
14973626581352;Garrafa Térmica Flowstate™ Spring Black 2.0 Stanley 1913;591ml;Cream;Garrafa Térmica Flowstate™ Spring Cream Stanley 1913 | 591ml;False;False
14973626581352;Garrafa Térmica Flowstate™ Spring Black 2.0 Stanley 1913;591ml;Blue Dream Stone;Garrafa Térmica Flowstate™ Spring Blue Dream Stone Stanley 1913 | 591ml;False;False
14973626581352;Garrafa Térmica Flowstate™ Spring Black 2.0 Stanley 1913;591ml;Black 2.0;Garrafa Térmica Flowstate™ Spring Black 2.0 Stanley 1913 | 591ml;False;True
14973626581352;Garrafa Térmica Flowstate™ Spring Black 2.0 Stanley 1913;591ml;Ash;Garrafa Térmica Flowstate™ Spring Ash Stanley 1913 | 591ml;False;False
14973626581352;Garrafa Térmica Flowstate™ Spring Black 2.0 Stanley 1913;591ml;Peach Rose;Garrafa Térmica Flowstate™ Spring  Peach Rose Stanley 1913 | 591ml;False;False
14973506650472;Jug Térmica Fast flow Ash Stanley 1913;1.9L;Ash;Jug Térmica Fast flow Ash Stanley 1913 | 1.9L;False;True
14973506650472;Jug Térmica Fast flow Ash Stanley 1913;1.9L;Chalk;Jug Térmica Fast flow Chalk Stanley 1913 | 1.9L;False;False
14973507305832;Jug Térmica Fast flow Chalk Stanley 1913;1.9L;Ash;Jug Térmica Fast flow Ash Stanley 1913 | 1.9L;False;False
14973507305832;Jug Térmica Fast flow Chalk Stanley 1913;1.9L;Chalk;Jug Térmica Fast flow Chalk Stanley 1913 | 1.9L;False;True
14973506617704;Quencher Protour Cream Stanley 1913;1.18l;Agave;Quencher Protour Agave Stanley 1913 | 1.18l;False;False
14973506617704;Quencher Protour Cream Stanley 1913;1.18l;Ash Fade;Quencher Protour Ash Fade Stanley 1913 | 1.18l;False;False
14973506617704;Quencher Protour Cream Stanley 1913;1.18l;Black Fade;Quencher Protour Black Fade Stanley 1913 | 1.18l;False;False
14973506617704;Quencher Protour Cream Stanley 1913;1.18l;Dried Pine;Quencher Protour Dried Pine Stanley 1913 | 1.18L;False;False
14973506617704;Quencher Protour Cream Stanley 1913;1.18l;Frost Fade;Quencher Protour Frost Fade Stanley 1913 | 1.18l;False;False
14973506617704;Quencher Protour Cream Stanley 1913;1.18l;Messi Black;Quencher Protour Messi Black Stanley 1913 | 1.18L;False;False
14973506617704;Quencher Protour Cream Stanley 1913;1.18l;Pink Messi;Quencher Protour Pink Messi Stanley 1913 | 1.18L;False;False
14973506617704;Quencher Protour Cream Stanley 1913;1.18l;Prickly Pear;Quencher Protour Prickly Pear Stanley 1913 | 1.18l;False;False
14973506617704;Quencher Protour Cream Stanley 1913;1.18l;Rose Quartz Fade;Quencher Protour Rose Quartz Fade Stanley 1913 | 1.18l;False;False
14973506617704;Quencher Protour Cream Stanley 1913;1.18l;Toast;Quencher Protour Toast Stanley 1913 | 1.18L;False;False
14973506617704;Quencher Protour Cream Stanley 1913;1.18l;Twilight;Quencher Protour Twilight Stanley 1913 | 1.18L;False;False
14973506617704;Quencher Protour Cream Stanley 1913;1.18l;Wild Blooms;Quencher Protour Wild Blooms Stanley 1913 | 1.18L;False;False
14973506617704;Quencher Protour Cream Stanley 1913;1.18l;Costal Teal;Quencher Protour Costal Teal Stanley 1913 | 1.18L;False;False
14973506617704;Quencher Protour Cream Stanley 1913;1.18l;Frost;Quencher Protour Frost Lovely Stanley 1913 | 1.18L;False;False
14973506617704;Quencher Protour Cream Stanley 1913;1.18l;Orange Sherbet;Quencher Protour Orange Sherbet Stanley 1913 | 1.18L;False;False
14973506617704;Quencher Protour Cream Stanley 1913;1.18l;Dark Navy;Quencher Protour Dark Navy Stanley 1913 | 1.18L;False;False
14973506617704;Quencher Protour Cream Stanley 1913;1.18l;Cream;Quencher Protour Cream Stanley 1913 | 1.18l;False;True
14973503045992;Garrafa Térmica Aerolight Flip Straw Honeydew Hypergrip Stanley 1913;710ml;Pomelo;Garrafa Térmica Aerolight Flip Straw Pomelo Stanley 1913 | 710ml;False;False
14973503045992;Garrafa Térmica Aerolight Flip Straw Honeydew Hypergrip Stanley 1913;710ml;Lilac;Garrafa Térmica Aerolight Flip Straw Lilac Stanley 1913 | 710ml;False;False
14973503045992;Garrafa Térmica Aerolight Flip Straw Honeydew Hypergrip Stanley 1913;710ml;Black;Garrafa Térmica Aerolight Flip Straw Black Stanley 1913 | 710ML;False;False
14973503045992;Garrafa Térmica Aerolight Flip Straw Honeydew Hypergrip Stanley 1913;710ml;Ash;Garrafa Térmica Aerolight Flip Straw Ash Stanley 1913 | 710ml;False;False
14973503045992;Garrafa Térmica Aerolight Flip Straw Honeydew Hypergrip Stanley 1913;710ml;Rose Quartz;Garrafa Térmica Aerolight Flip Straw Rose Quartz Stanley 1913 | 710ml;False;False
14973503045992;Garrafa Térmica Aerolight Flip Straw Honeydew Hypergrip Stanley 1913;710ml;Hot Coral;Garrafa Térmica Aerolight Flip Straw Hot Coral Stanley 1913 | 710ml;False;False
14973503045992;Garrafa Térmica Aerolight Flip Straw Honeydew Hypergrip Stanley 1913;710ml;Splash;Garrafa Térmica Aerolight Flip Straw Splash Stanley 1913 | 710ml;False;False
14973503045992;Garrafa Térmica Aerolight Flip Straw Honeydew Hypergrip Stanley 1913;710ml;Frost;Garrafa Térmica Aerolight Flip Straw Heat Wave Frost Stanley 1913 | 710ML;False;False
14973503045992;Garrafa Térmica Aerolight Flip Straw Honeydew Hypergrip Stanley 1913;710ml;Vivid Violet;Garrafa Térmica Aerolight Flip Straw Heat Wave Vivid Violet Stanley 1913 | 710ML;False;False
14973503045992;Garrafa Térmica Aerolight Flip Straw Honeydew Hypergrip Stanley 1913;710ml;Apple Shimmer;Garrafa Térmica Aerolight Flip Straw Stanley 1913 Candy Apple Shimmer  | 710ML;False;False
14973503045992;Garrafa Térmica Aerolight Flip Straw Honeydew Hypergrip Stanley 1913;710ml;Clover Shimmer;Garrafa Térmica Aerolight Flip Straw Stanley 1913 Clover Shimmer | 710ML;False;False
14973503045992;Garrafa Térmica Aerolight Flip Straw Honeydew Hypergrip Stanley 1913;710ml;Pink Messi;Garrafa Térmica Aerolight Flip Straw Pink Messi Stanley 1913 | 710ml;False;False
14973503045992;Garrafa Térmica Aerolight Flip Straw Honeydew Hypergrip Stanley 1913;710ml;Striker Blue;Garrafa Térmica Aerolight Flip Straw Messi Blue Stanley 1913 | 710ml;False;False
14973503045992;Garrafa Térmica Aerolight Flip Straw Honeydew Hypergrip Stanley 1913;710ml;Cornflower Gloss;Garrafa Térmica Aerolight Flip Straw Cornflower Gloss Stanley 1913 | 710ml;False;False
14973503045992;Garrafa Térmica Aerolight Flip Straw Honeydew Hypergrip Stanley 1913;710ml;Peach Whip Gloss;Garrafa Térmica Aerolight Flip Straw Peach Whip Gloss Stanley 1913 | 710ml;False;False
14973503045992;Garrafa Térmica Aerolight Flip Straw Honeydew Hypergrip Stanley 1913;710ml;Cream Rose Gold;Garrafa Térmica Aerolight Flip Straw Cream Rose Gold Stanley 1913 | 710ml;False;False
14973503045992;Garrafa Térmica Aerolight Flip Straw Honeydew Hypergrip Stanley 1913;710ml;Terracota;Garrafa Térmica Aerolight Flip Straw Terracota Stanley 1913 | 710ml;False;False
14973503045992;Garrafa Térmica Aerolight Flip Straw Honeydew Hypergrip Stanley 1913;710ml;Agave;Garrafa Térmica Aerolight Flip Straw Agave Stanley 1913 | 710ml;False;False
14973503045992;Garrafa Térmica Aerolight Flip Straw Honeydew Hypergrip Stanley 1913;710ml;Dark Blossom;Garrafa Térmica Aerolight Flip Straw Dark Blossom Stanley 1913 | 710ml;False;False
14973503045992;Garrafa Térmica Aerolight Flip Straw Honeydew Hypergrip Stanley 1913;710ml;Messi Black;Garrafa Térmica Aerolight Flip Straw Messi Black Stanley 1913 | 710ml;False;False
14973503045992;Garrafa Térmica Aerolight Flip Straw Honeydew Hypergrip Stanley 1913;710ml;Prickly Pear;Garrafa Térmica Aerolight Flip Straw Prickly Pear Stanley 1913 | 710ml;False;False
14973503045992;Garrafa Térmica Aerolight Flip Straw Honeydew Hypergrip Stanley 1913;710ml;Twilight;Garrafa Térmica Aerolight Flip Straw Twilight Stanley 1913 | 710ml;False;False
14973503045992;Garrafa Térmica Aerolight Flip Straw Honeydew Hypergrip Stanley 1913;710ml;Honeydew Hypergrip;Garrafa Térmica Aerolight Flip Straw Honeydew Hypergrip Stanley 1913 | 710ml;False;True
14973498687848;Cooler  Térmico Sage Grey Stanley 1913;15L;Sage Grey;Cooler  Térmico Sage Grey Stanley 1913 | 15L;False;True
14973498687848;Cooler  Térmico Sage Grey Stanley 1913;15L;Twilight;Cooler Térmico Twilight Stanley 1913 | 15L;False;False
14973498655080;Cooler Térmico Sage Grey Stanley 1913;23L;Sage Grey;Cooler Térmico Sage Grey Stanley 1913 | 23L;False;True
14973498458472;Garrafa Térmica Aerolight Transit Toast Stanley 1913;354ml;Peach Rose;Garrafa Térmica Aerolight Transit Peach Rose Stanley 1913 | 354ml;False;False
14973498458472;Garrafa Térmica Aerolight Transit Toast Stanley 1913;354ml;Toast;Garrafa Térmica Aerolight Transit Toast Stanley 1913 | 354ml;False;True
14973496918376;Mochila Térmica Madeleine Mini Ash Stanley 1913;13.2L;Black;Mochila Térmica Madeleine Black Stanley 1913 | 13.2L;False;False
14973496918376;Mochila Térmica Madeleine Mini Ash Stanley 1913;13.2L;Sea Glass Plume;Mochila Térmica Madeleine Sea Glass Plume Stanley 1913 | 13.2L;False;False
14973496918376;Mochila Térmica Madeleine Mini Ash Stanley 1913;13.2L;Ash;Mochila Térmica Madeleine Mini Ash Stanley 1913 | 13.2L;False;True
14973496394088;Garrafa Vitalize Tempo Black Stanley 1913;710ml;Black;Garrafa Vitalize Tempo Black Stanley 1913 | 710ml;False;True
14973496394088;Garrafa Vitalize Tempo Black Stanley 1913;710ml;Chalk;Garrafa Vitalize Tempo Chalk Stanley 1913 | 710ml;False;False
14973496394088;Garrafa Vitalize Tempo Black Stanley 1913;710ml;Purple Umbra;Garrafa Vitalize Tempo Purple Umbra Stanley 1913 | 710ml;False;False
14973496394088;Garrafa Vitalize Tempo Black Stanley 1913;710ml;Rose Quartz;Garrafa Vitalize Tempo Rose Quartz Stanley 1913 | 710ml;False;False
14973496394088;Garrafa Vitalize Tempo Black Stanley 1913;710ml;Blue Dream;Garrafa Vitalize Tempo Blue Dream | 710ml;False;False
14973496361320;Garrafa Vitalize Tempo Rose Quartz Stanley 1913;710ml;Black;Garrafa Vitalize Tempo Black Stanley 1913 | 710ml;False;False
14973496361320;Garrafa Vitalize Tempo Rose Quartz Stanley 1913;710ml;Chalk;Garrafa Vitalize Tempo Chalk Stanley 1913 | 710ml;False;False
14973496361320;Garrafa Vitalize Tempo Rose Quartz Stanley 1913;710ml;Purple Umbra;Garrafa Vitalize Tempo Purple Umbra Stanley 1913 | 710ml;False;False
14973496361320;Garrafa Vitalize Tempo Rose Quartz Stanley 1913;710ml;Rose Quartz;Garrafa Vitalize Tempo Rose Quartz Stanley 1913 | 710ml;False;True
14973496361320;Garrafa Vitalize Tempo Rose Quartz Stanley 1913;710ml;Blue Dream;Garrafa Vitalize Tempo Blue Dream | 710ml;False;False
14973496328552;Garrafa Vitalize Tempo Chalk Stanley 1913;710ml;Black;Garrafa Vitalize Tempo Black Stanley 1913 | 710ml;False;False
14973496328552;Garrafa Vitalize Tempo Chalk Stanley 1913;710ml;Chalk;Garrafa Vitalize Tempo Chalk Stanley 1913 | 710ml;False;True
14973496328552;Garrafa Vitalize Tempo Chalk Stanley 1913;710ml;Purple Umbra;Garrafa Vitalize Tempo Purple Umbra Stanley 1913 | 710ml;False;False
14973496328552;Garrafa Vitalize Tempo Chalk Stanley 1913;710ml;Rose Quartz;Garrafa Vitalize Tempo Rose Quartz Stanley 1913 | 710ml;False;False
14973496328552;Garrafa Vitalize Tempo Chalk Stanley 1913;710ml;Blue Dream;Garrafa Vitalize Tempo Blue Dream | 710ml;False;False
14973496295784;Garrafa Vitalize Tempo Purple Umbra Stanley 1913;710ml;Black;Garrafa Vitalize Tempo Black Stanley 1913 | 710ml;False;False
14973496295784;Garrafa Vitalize Tempo Purple Umbra Stanley 1913;710ml;Chalk;Garrafa Vitalize Tempo Chalk Stanley 1913 | 710ml;False;False
14973496295784;Garrafa Vitalize Tempo Purple Umbra Stanley 1913;710ml;Purple Umbra;Garrafa Vitalize Tempo Purple Umbra Stanley 1913 | 710ml;False;True
14973496295784;Garrafa Vitalize Tempo Purple Umbra Stanley 1913;710ml;Rose Quartz;Garrafa Vitalize Tempo Rose Quartz Stanley 1913 | 710ml;False;False
14973496295784;Garrafa Vitalize Tempo Purple Umbra Stanley 1913;710ml;Blue Dream;Garrafa Vitalize Tempo Blue Dream | 710ml;False;False
14973480796520;Copo Prismático Alto Black Eclipse Stanley 1913;381ml;Bourbon;Copo Prismático Alto Bourbon Stanley 1913 | 381ML;False;False
14973480796520;Copo Prismático Alto Black Eclipse Stanley 1913;381ml;Foundry Black;Copo Prismático Alto Foundry Black Stanley 1913 | 381ML;False;False
14973480796520;Copo Prismático Alto Black Eclipse Stanley 1913;381ml;Black Eclipse;Copo Prismático Alto Black Eclipse Stanley 1913 | 381ml;False;True
14973480730984;Copo Prismático Baixo Black Eclipse Stanley 1913;201ml;Foundry Black;Copo Prismático Baixo Foundry Black Stanley 1913 | 201ML;False;False
14973480730984;Copo Prismático Baixo Black Eclipse Stanley 1913;201ml;Ash Bronze;Copo Prismático Baixo Ash Bronze Stanley 1913 | 201ML;False;False
14973480730984;Copo Prismático Baixo Black Eclipse Stanley 1913;201ml;Black Eclipse;Copo Prismático Baixo Black Eclipse Stanley 1913 | 201ml;False;True
14973480665448;Taça Térmica Cocktail Glass Black Eclipse Stanley 1913;414ml;Cream Gloss;Taça Térmica Cocktail Glass Stanley 1913 Cream Gloss | 414ml;False;False
14973480665448;Taça Térmica Cocktail Glass Black Eclipse Stanley 1913;414ml;Black Gloss;Taça Térmica Cocktail Glass Stanley 1913 Black Gloss | 414ml;False;False
14973480665448;Taça Térmica Cocktail Glass Black Eclipse Stanley 1913;414ml;Lift Stainless Steel;Taça Térmica Cocktail Glass Stanley 1913 Lift Stainless Steel | 414ml;False;False
14973480665448;Taça Térmica Cocktail Glass Black Eclipse Stanley 1913;414ml;Lift Popsicle Pink Gloss;Taça Térmica Cocktail Glass Stanley 1913 Lift Popsicle Pink Gloss | 414ml;False;False
14973480665448;Taça Térmica Cocktail Glass Black Eclipse Stanley 1913;414ml;Lift Sour Grape Gloss;Taça Térmica Cocktail Glass Stanley 1913 Lift Sour Grape Gloss | 414ml;False;False
14973480665448;Taça Térmica Cocktail Glass Black Eclipse Stanley 1913;414ml;Pink Mesa;Taça Térmica Stanley 1913 Pink Mesa Sunset Gloss | 414ML;False;False
14973480665448;Taça Térmica Cocktail Glass Black Eclipse Stanley 1913;414ml;Prickly Pear;Taça Térmica Cocktail Glass Stanley 1913 Prickly Pear Gradient Gloss | 414ML;False;False
14973480665448;Taça Térmica Cocktail Glass Black Eclipse Stanley 1913;414ml;Black Eclipse;Taça Térmica Cocktail Glass Black Eclipse Stanley 1913 | 414ml;False;True
14973480534376;Copo Texturizado com Tampa Dark Navy Stanley 1913;473ml;Ash;Copo Texturizado Com Tampa Ash Stanley 1913 | 473ml;False;False
14973480534376;Copo Texturizado com Tampa Dark Navy Stanley 1913;473ml;Black Gloss;Copo Texturizado Com Tampa Black Gloss Stanley 1913 | 473ml;False;False
14973480534376;Copo Texturizado com Tampa Dark Navy Stanley 1913;473ml;Dried Pine;Copo Texturizado Com Tampa Dried Pine Stanley 1913 | 473ml;False;False
14973480534376;Copo Texturizado com Tampa Dark Navy Stanley 1913;473ml;Frost;Copo Texturizado Com Tampa Frost Stanley 1913 | 473ml;False;False
14973480534376;Copo Texturizado com Tampa Dark Navy Stanley 1913;473ml;Prickly Pear Gradient Gloss;Copo Texturizado Com Tampa Prickly Pear Gradient Gloss Stanley 1913 | 473ml;False;False
14973480534376;Copo Texturizado com Tampa Dark Navy Stanley 1913;473ml;Stainless Steel;Copo Texturizado Com Tampa Stainless Steel Stanley 1913 | 473ml;False;False
14973480534376;Copo Texturizado com Tampa Dark Navy Stanley 1913;473ml;Dark Navy;Copo Texturizado com Tampa Dark Navy Stanley 1913 | 473ml;False;True
14973480501608;Copo Térmico Dark Navy Stanley 1913;473ml;Ash;Copo Térmico Stanley 1913 Ash | 473ml;False;False
14973480501608;Copo Térmico Dark Navy Stanley 1913;473ml;Black 2.0;Copo Térmico Stanley 1913 Black 2.0 | 473ml;False;False
14973480501608;Copo Térmico Dark Navy Stanley 1913;473ml;Dried Pine;Copo Térmico Stanley 1913 Dried Pine | 473ml;False;False
14973480501608;Copo Térmico Dark Navy Stanley 1913;473ml;Frost;Copo Térmico Stanley 1913 Frost | 473ml;False;False
14973480501608;Copo Térmico Dark Navy Stanley 1913;473ml;Rose Quartz;Copo Térmico Stanley 1913 Rose Quartz | 473ml;False;False
14973480501608;Copo Térmico Dark Navy Stanley 1913;473ml;Dark Navy;Copo Térmico Dark Navy Stanley 1913 | 473ml;False;True
14973480468840;Copo Térmico Dark Navy Stanley 1913;354ml;Ash;Copo Térmico Stanley 1913 Ash | 354ml;False;False
14973480468840;Copo Térmico Dark Navy Stanley 1913;354ml;Black 2.0;Copo Térmico Stanley 1913 Black 2.0 | 354ml;False;False
14973480468840;Copo Térmico Dark Navy Stanley 1913;354ml;Coastal Teal;Copo Térmico Stanley 1913 Coastal Teal | 354ml;False;False
14973480468840;Copo Térmico Dark Navy Stanley 1913;354ml;Daffodil;Copo Térmico Stanley 1913 Daffodil | 354ml;False;False
14973480468840;Copo Térmico Dark Navy Stanley 1913;354ml;Dried Pine;Copo Térmico Stanley 1913 Dried Pine | 354ml;False;False
14973480468840;Copo Térmico Dark Navy Stanley 1913;354ml;Frost;Copo Térmico Stanley 1913 Frost | 354ml;False;False
14973480468840;Copo Térmico Dark Navy Stanley 1913;354ml;Purple Dust;Copo Térmico Stanley 1913 Purple Dust  | 354ml;False;False
14973480468840;Copo Térmico Dark Navy Stanley 1913;354ml;Rose Quartz;Copo Térmico Stanley 1913 Rose Quartz | 354ml;False;False
14973480468840;Copo Térmico Dark Navy Stanley 1913;354ml;Soft Orchid;Copo Térmico Stanley 1913 Soft Orchid | 354ml;False;False
14973480468840;Copo Térmico Dark Navy Stanley 1913;354ml;Twilight;Copo Térmico Stanley 1913 Twilight | 354ml;False;False
14973480468840;Copo Térmico Dark Navy Stanley 1913;354ml;Popsicle Pink;Copo Térmico Stanley 1913 Popsicle Pink | 354ml;False;False
14973480468840;Copo Térmico Dark Navy Stanley 1913;354ml;Pomelo;Copo Térmico Stanley 1913 Pomelo | 354ml;False;False
14973480468840;Copo Térmico Dark Navy Stanley 1913;354ml;Pistachio;Copo Térmico Stanley 1913 Pistachio | 354ml;False;False
14973480468840;Copo Térmico Dark Navy Stanley 1913;354ml;Cranberry;Copo Térmico Stanley 1913 Cranberry | 354ml;False;False
14973480468840;Copo Térmico Dark Navy Stanley 1913;354ml;Frost Gloss;Copo Térmico Stanley 1913 Frost Gloss | 354ml;False;False
14973480468840;Copo Térmico Dark Navy Stanley 1913;354ml;Prickly Pear Gradient Gloss;Copo Térmico Stanley 1913 Prickly Pear Gradient Gloss | 354ML;False;False
14973480468840;Copo Térmico Dark Navy Stanley 1913;354ml;Stainless Steel Shimmer;Copo Térmico Stainless Steel Shimmer Stanley 1913 | 354ml;False;False
14973480468840;Copo Térmico Dark Navy Stanley 1913;354ml;Dark Navy;Copo Térmico Dark Navy Stanley 1913 | 354ml;False;True
14973480403304;Quencher Protour Dark Navy Stanley 1913;1.18L;Agave;Quencher Protour Agave Stanley 1913 | 1.18l;False;False
14973480403304;Quencher Protour Dark Navy Stanley 1913;1.18L;Ash Fade;Quencher Protour Ash Fade Stanley 1913 | 1.18l;False;False
14973480403304;Quencher Protour Dark Navy Stanley 1913;1.18L;Black Fade;Quencher Protour Black Fade Stanley 1913 | 1.18l;False;False
14973480403304;Quencher Protour Dark Navy Stanley 1913;1.18L;Dried Pine;Quencher Protour Dried Pine Stanley 1913 | 1.18L;False;False
14973480403304;Quencher Protour Dark Navy Stanley 1913;1.18L;Frost Fade;Quencher Protour Frost Fade Stanley 1913 | 1.18l;False;False
14973480403304;Quencher Protour Dark Navy Stanley 1913;1.18L;Messi Black;Quencher Protour Messi Black Stanley 1913 | 1.18L;False;False
14973480403304;Quencher Protour Dark Navy Stanley 1913;1.18L;Pink Messi;Quencher Protour Pink Messi Stanley 1913 | 1.18L;False;False
14973480403304;Quencher Protour Dark Navy Stanley 1913;1.18L;Prickly Pear;Quencher Protour Prickly Pear Stanley 1913 | 1.18l;False;False
14973480403304;Quencher Protour Dark Navy Stanley 1913;1.18L;Rose Quartz Fade;Quencher Protour Rose Quartz Fade Stanley 1913 | 1.18l;False;False
14973480403304;Quencher Protour Dark Navy Stanley 1913;1.18L;Toast;Quencher Protour Toast Stanley 1913 | 1.18L;False;False
14973480403304;Quencher Protour Dark Navy Stanley 1913;1.18L;Twilight;Quencher Protour Twilight Stanley 1913 | 1.18L;False;False
14973480403304;Quencher Protour Dark Navy Stanley 1913;1.18L;Wild Blooms;Quencher Protour Wild Blooms Stanley 1913 | 1.18L;False;False
14973480403304;Quencher Protour Dark Navy Stanley 1913;1.18L;Costal Teal;Quencher Protour Costal Teal Stanley 1913 | 1.18L;False;False
14973480403304;Quencher Protour Dark Navy Stanley 1913;1.18L;Frost;Quencher Protour Frost Lovely Stanley 1913 | 1.18L;False;False
14973480403304;Quencher Protour Dark Navy Stanley 1913;1.18L;Orange Sherbet;Quencher Protour Orange Sherbet Stanley 1913 | 1.18L;False;False
14973480403304;Quencher Protour Dark Navy Stanley 1913;1.18L;Dark Navy;Quencher Protour Dark Navy Stanley 1913 | 1.18L;False;True
14973480403304;Quencher Protour Dark Navy Stanley 1913;1.18L;Cream;Quencher Protour Cream Stanley 1913 | 1.18l;False;False
14973480337768;Vitalize Shaker Dark Navy Stanley 1913;591ml;Black;Vitalize Shaker Black Stanley 1913 | 591ml;False;False
14973480337768;Vitalize Shaker Dark Navy Stanley 1913;591ml;Twilight;Vitalize Shaker Twilight Stanley 1913 | 591ml;False;False
14973480337768;Vitalize Shaker Dark Navy Stanley 1913;591ml;Chalk;Vitalize Shaker Chalk Stanley 1913 | 591ml;False;False
14973480337768;Vitalize Shaker Dark Navy Stanley 1913;591ml;Cobalt Chartreuse;Vitalize Shaker Cobalt Chartreuse Stanley 1913 | 591ml;False;False
14973480337768;Vitalize Shaker Dark Navy Stanley 1913;591ml;Dark Blossom;Vitalize Shaker Dark Blossom Stanley 1913 | 591ml;False;False
14973480337768;Vitalize Shaker Dark Navy Stanley 1913;591ml;Rose Quartz;Vitalize Shaker Rose Quartz Stanley 1913 | 591ml;False;False
14973480337768;Vitalize Shaker Dark Navy Stanley 1913;591ml;Dark Navy;Vitalize Shaker Dark Navy Stanley 1913 | 591ml;False;True
14973480305000;Cooler Térmico Twilight Stanley 1913;15L;Sage Grey;Cooler  Térmico Sage Grey Stanley 1913 | 15L;False;False
14973480305000;Cooler Térmico Twilight Stanley 1913;15L;Twilight;Cooler Térmico Twilight Stanley 1913 | 15L;False;True
14973480173928;Garrafa Térmica Mate Stainless Steel Ash Stanley 1913;1.6L;Stainless Steel;Garrafa Térmica Mate Stainless Steel Ash Stanley 1913 | 1.6L;False;True
14973480173928;Garrafa Térmica Mate Stainless Steel Ash Stanley 1913;1.6L;Hammertone Black;Garrafa Térmica Mate Hammertone  Black Stanley 1913 | 1.6L;False;False
14973480141160;Garrafa Térmica Mate Hammertone  Black Stanley 1913;1.6L;Stainless Steel;Garrafa Térmica Mate Stainless Steel Ash Stanley 1913 | 1.6L;False;False
14973480141160;Garrafa Térmica Mate Hammertone  Black Stanley 1913;1.6L;Hammertone Black;Garrafa Térmica Mate Hammertone  Black Stanley 1913 | 1.6L;False;True
14973480108392;Garrafa Térmica Mate Dried Pine Stanley 1913;1.2L;Dried Pine;Garrafa Térmica Mate Dried Pine Stanley 1913 | 1.2L;False;True
14973480108392;Garrafa Térmica Mate Dried Pine Stanley 1913;1.2L;Hammertone Black;Garrafa Térmica Mate Hammertone Black Stanley 1913 | 1.2L;False;False
14973480042856;Garrafa Térmica Mate Hammertone Black Stanley 1913;1.2L;Dried Pine;Garrafa Térmica Mate Dried Pine Stanley 1913 | 1.2L;False;False
14973480042856;Garrafa Térmica Mate Hammertone Black Stanley 1913;1.2L;Hammertone Black;Garrafa Térmica Mate Hammertone Black Stanley 1913 | 1.2L;False;True
14973480010088;Garrafa Térmica Classic Hammertone Rose Quartz Stanley 1913;0.95L;Hammertone Green;Garrafa Térmica Classic Hammertone Green Stanley 1913 | 0.95L;False;False
14973480010088;Garrafa Térmica Classic Hammertone Rose Quartz Stanley 1913;0.95L;Black 2.0;Garrafa Térmica Classic Black 2.0 Stanley 1913 | 0.95L;False;False
14973480010088;Garrafa Térmica Classic Hammertone Rose Quartz Stanley 1913;0.95L;Ash;Garrafa Térmica Classic Hammertone Ash Stanley 1913 | 0.95L;False;False
14973480010088;Garrafa Térmica Classic Hammertone Rose Quartz Stanley 1913;0.95L;Hammertone Rose Quartz;Garrafa Térmica Classic Hammertone Rose Quartz Stanley 1913 | 0.95L;False;True
14973479977320;Garrafa Térmica Classic Hammertone Ash Stanley 1913;0.95L;Hammertone Green;Garrafa Térmica Classic Hammertone Green Stanley 1913 | 0.95L;False;False
14973479977320;Garrafa Térmica Classic Hammertone Ash Stanley 1913;0.95L;Black 2.0;Garrafa Térmica Classic Black 2.0 Stanley 1913 | 0.95L;False;False
14973479977320;Garrafa Térmica Classic Hammertone Ash Stanley 1913;0.95L;Ash;Garrafa Térmica Classic Hammertone Ash Stanley 1913 | 0.95L;False;True
14973479977320;Garrafa Térmica Classic Hammertone Ash Stanley 1913;0.95L;Hammertone Rose Quartz;Garrafa Térmica Classic Hammertone Rose Quartz Stanley 1913 | 0.95L;False;False
14973479944552;Garrafa Térmica Adventure 2.0 Ash Stanley 1913;1L;Black 2.0;Garrafa Térmica Adventure 2.0 Matte Black Stanley 1913 | 1L;False;False
14973479944552;Garrafa Térmica Adventure 2.0 Ash Stanley 1913;1L;Polar;Garrafa Térmica Adventure 2.0 Polar Stanley 1913 | 1L;False;False
14973479944552;Garrafa Térmica Adventure 2.0 Ash Stanley 1913;1L;Ash;Garrafa Térmica Adventure 2.0 Ash Stanley 1913 | 1L;False;True
14973479944552;Garrafa Térmica Adventure 2.0 Ash Stanley 1913;1L;Toast;Garrafa Térmica Adventure 2.0 Toast Stanley 1913 | 1L;False;False
14973479911784;Cuia Térmica Terere Slate Blue Stanley 1913;200ml;Azure;Cuia Térmica Terere Azure Stanley 1913 | 200ML;False;False
14973479911784;Cuia Térmica Terere Slate Blue Stanley 1913;200ml;Black;Cuia Térmica Terere Black Stanley 1913 | 200ML;False;False
14973479911784;Cuia Térmica Terere Slate Blue Stanley 1913;200ml;Hammertone Green;Cuia Térmica Terere Hammertone Green Stanley 1913 | 200ML;False;False
14973479911784;Cuia Térmica Terere Slate Blue Stanley 1913;200ml;Rose Quartz;Cuia Térmica Terere Rose Quartz Stanley 1913 | 200ML;False;False
14973479911784;Cuia Térmica Terere Slate Blue Stanley 1913;200ml;Vivid Violet;Cuia Térmica Terere Vivid Violet Stanley 1913 | 200ML;False;False
14973479911784;Cuia Térmica Terere Slate Blue Stanley 1913;200ml;Dried Pine;Cuia Térmica Terere Dried Pine Stanley 1913 | 200ML;False;False
14973479911784;Cuia Térmica Terere Slate Blue Stanley 1913;200ml;Slate Blue;Cuia Térmica Terere Slate Blue Stanley 1913 | 200ml;False;True
14973479911784;Cuia Térmica Terere Slate Blue Stanley 1913;200ml;Stainless Steel;Cuia Térmica Terere Stainless Steel Stanley 1913 | 200ml;False;False
14973479879016;Cuia Térmica Terere Stainless Steel Stanley 1913;200ml;Azure;Cuia Térmica Terere Azure Stanley 1913 | 200ML;False;False
14973479879016;Cuia Térmica Terere Stainless Steel Stanley 1913;200ml;Black;Cuia Térmica Terere Black Stanley 1913 | 200ML;False;False
14973479879016;Cuia Térmica Terere Stainless Steel Stanley 1913;200ml;Hammertone Green;Cuia Térmica Terere Hammertone Green Stanley 1913 | 200ML;False;False
14973479879016;Cuia Térmica Terere Stainless Steel Stanley 1913;200ml;Rose Quartz;Cuia Térmica Terere Rose Quartz Stanley 1913 | 200ML;False;False
14973479879016;Cuia Térmica Terere Stainless Steel Stanley 1913;200ml;Vivid Violet;Cuia Térmica Terere Vivid Violet Stanley 1913 | 200ML;False;False
14973479879016;Cuia Térmica Terere Stainless Steel Stanley 1913;200ml;Dried Pine;Cuia Térmica Terere Dried Pine Stanley 1913 | 200ML;False;False
14973479879016;Cuia Térmica Terere Stainless Steel Stanley 1913;200ml;Slate Blue;Cuia Térmica Terere Slate Blue Stanley 1913 | 200ml;False;False
14973479879016;Cuia Térmica Terere Stainless Steel Stanley 1913;200ml;Stainless Steel;Cuia Térmica Terere Stainless Steel Stanley 1913 | 200ml;False;True
14973479846248;Cuia Térmica Stainless Steel Stanley 1913;236ml;Messi Black;Cuia Térmica Mate Messi Black Stanley 1913 | 236ml;False;False
14973479846248;Cuia Térmica Stainless Steel Stanley 1913;236ml;Dried Pine;Cuia Térmica Dried Pine Stanley 1913 | 236ml;False;False
14973479846248;Cuia Térmica Stainless Steel Stanley 1913;236ml;Hammertone Black;Cuia Térmica Hammertone Black Stanley 1913 | 236ml;False;False
14973479846248;Cuia Térmica Stainless Steel Stanley 1913;236ml;Hammertone Green;Cuia Térmica Hammertone Green Stanley 1913 | 236ml;False;False
14973479846248;Cuia Térmica Stainless Steel Stanley 1913;236ml;Matte Red;Cuia Térmica Matte Red Stanley 1913 | 236ml;False;False
14973479846248;Cuia Térmica Stainless Steel Stanley 1913;236ml;Rose Quartz;Cuia Térmica Rose Quartz Stanley 1913 | 236ml;False;False
14973479846248;Cuia Térmica Stainless Steel Stanley 1913;236ml;Toast;Cuia Térmica Toast Stanley 1913 | 236ml;False;False
14973479846248;Cuia Térmica Stainless Steel Stanley 1913;236ml;Stainless Steel;Cuia Térmica Stainless Steel Stanley 1913 | 236ml;False;True
14973479780712;Camp Mug Rose Quartz Stanley 1913;236ml;Hammertone Black;Camp Mug Hammertone Black Stanley 1913 | 236ml;False;False
14973479780712;Camp Mug Rose Quartz Stanley 1913;236ml;Hammertone Green;Camp Mug Hammertone Green Stanley 1913 | 236ml;False;False
14973479780712;Camp Mug Rose Quartz Stanley 1913;236ml;Purple Smoke;Camp Mug Purple Smoke Stanley 1913 | 236ml;False;False
14973479780712;Camp Mug Rose Quartz Stanley 1913;236ml;Slate Blue;Camp Mug Slate Blue Stanley 1913 | 236ml;False;False
14973479780712;Camp Mug Rose Quartz Stanley 1913;236ml;Ash;Camp Mug Ash Stanley 1913 | 236ml;False;False
14973479780712;Camp Mug Rose Quartz Stanley 1913;236ml;Coffee;Camp Mug Coffee Stanley 1913 | 236ml;False;False
14973479780712;Camp Mug Rose Quartz Stanley 1913;236ml;Rose Quartz;Camp Mug Rose Quartz Stanley 1913 | 236ml;False;True
14973479780712;Camp Mug Rose Quartz Stanley 1913;236ml;Toast;Camp Mug Toast Stanley 1913 | 236ml;False;False
14973479747944;Camp Mug Ash Stanley 1913;236ml;Hammertone Black;Camp Mug Hammertone Black Stanley 1913 | 236ml;False;False
14973479747944;Camp Mug Ash Stanley 1913;236ml;Hammertone Green;Camp Mug Hammertone Green Stanley 1913 | 236ml;False;False
14973479747944;Camp Mug Ash Stanley 1913;236ml;Purple Smoke;Camp Mug Purple Smoke Stanley 1913 | 236ml;False;False
14973479747944;Camp Mug Ash Stanley 1913;236ml;Slate Blue;Camp Mug Slate Blue Stanley 1913 | 236ml;False;False
14973479747944;Camp Mug Ash Stanley 1913;236ml;Ash;Camp Mug Ash Stanley 1913 | 236ml;False;True
14973479747944;Camp Mug Ash Stanley 1913;236ml;Coffee;Camp Mug Coffee Stanley 1913 | 236ml;False;False
14973479747944;Camp Mug Ash Stanley 1913;236ml;Rose Quartz;Camp Mug Rose Quartz Stanley 1913 | 236ml;False;False
14973479747944;Camp Mug Ash Stanley 1913;236ml;Toast;Camp Mug Toast Stanley 1913 | 236ml;False;False
14973479715176;Camp Mug Coffee Stanley 1913;236ml;Hammertone Black;Camp Mug Hammertone Black Stanley 1913 | 236ml;False;False
14973479715176;Camp Mug Coffee Stanley 1913;236ml;Hammertone Green;Camp Mug Hammertone Green Stanley 1913 | 236ml;False;False
14973479715176;Camp Mug Coffee Stanley 1913;236ml;Purple Smoke;Camp Mug Purple Smoke Stanley 1913 | 236ml;False;False
14973479715176;Camp Mug Coffee Stanley 1913;236ml;Slate Blue;Camp Mug Slate Blue Stanley 1913 | 236ml;False;False
14973479715176;Camp Mug Coffee Stanley 1913;236ml;Ash;Camp Mug Ash Stanley 1913 | 236ml;False;False
14973479715176;Camp Mug Coffee Stanley 1913;236ml;Coffee;Camp Mug Coffee Stanley 1913 | 236ml;False;True
14973479715176;Camp Mug Coffee Stanley 1913;236ml;Rose Quartz;Camp Mug Rose Quartz Stanley 1913 | 236ml;False;False
14973479715176;Camp Mug Coffee Stanley 1913;236ml;Toast;Camp Mug Toast Stanley 1913 | 236ml;False;False
14973479682408;Camp Mug Toast Stanley 1913;236ml;Hammertone Black;Camp Mug Hammertone Black Stanley 1913 | 236ml;False;False
14973479682408;Camp Mug Toast Stanley 1913;236ml;Hammertone Green;Camp Mug Hammertone Green Stanley 1913 | 236ml;False;False
14973479682408;Camp Mug Toast Stanley 1913;236ml;Purple Smoke;Camp Mug Purple Smoke Stanley 1913 | 236ml;False;False
14973479682408;Camp Mug Toast Stanley 1913;236ml;Slate Blue;Camp Mug Slate Blue Stanley 1913 | 236ml;False;False
14973479682408;Camp Mug Toast Stanley 1913;236ml;Ash;Camp Mug Ash Stanley 1913 | 236ml;False;False
14973479682408;Camp Mug Toast Stanley 1913;236ml;Coffee;Camp Mug Coffee Stanley 1913 | 236ml;False;False
14973479682408;Camp Mug Toast Stanley 1913;236ml;Rose Quartz;Camp Mug Rose Quartz Stanley 1913 | 236ml;False;False
14973479682408;Camp Mug Toast Stanley 1913;236ml;Toast;Camp Mug Toast Stanley 1913 | 236ml;False;True
14973479649640;Pote Térmico com Garfolher Blue Sky Stanley 1913;414ml;Ash;Pote Térmico com Garfolher Ash Stanley 1913 | 414ml;False;False
14973479649640;Pote Térmico com Garfolher Blue Sky Stanley 1913;414ml;Blue Sky;Pote Térmico com Garfolher Blue Sky Stanley 1913 | 414ml;False;True
14973479649640;Pote Térmico com Garfolher Blue Sky Stanley 1913;414ml;Peach Rose;Pote Térmico com Garfolher Peach Rose Stanley 1913 | 414ml;False;False
14973479649640;Pote Térmico com Garfolher Blue Sky Stanley 1913;414ml;Cream;Pote Térmico com Garfolher Cream Stanley 1913 | 414ml;False;False
14973479616872;Pote Térmico com Garfolher Peach Rose Stanley 1913;414ml;Ash;Pote Térmico com Garfolher Ash Stanley 1913 | 414ml;False;False
14973479616872;Pote Térmico com Garfolher Peach Rose Stanley 1913;414ml;Blue Sky;Pote Térmico com Garfolher Blue Sky Stanley 1913 | 414ml;False;False
14973479616872;Pote Térmico com Garfolher Peach Rose Stanley 1913;414ml;Peach Rose;Pote Térmico com Garfolher Peach Rose Stanley 1913 | 414ml;False;True
14973479616872;Pote Térmico com Garfolher Peach Rose Stanley 1913;414ml;Cream;Pote Térmico com Garfolher Cream Stanley 1913 | 414ml;False;False
14973479584104;Pote Térmico com Garfolher Ash Stanley 1913;414ml;Ash;Pote Térmico com Garfolher Ash Stanley 1913 | 414ml;False;True
14973479584104;Pote Térmico com Garfolher Ash Stanley 1913;414ml;Blue Sky;Pote Térmico com Garfolher Blue Sky Stanley 1913 | 414ml;False;False
14973479584104;Pote Térmico com Garfolher Ash Stanley 1913;414ml;Peach Rose;Pote Térmico com Garfolher Peach Rose Stanley 1913 | 414ml;False;False
14973479584104;Pote Térmico com Garfolher Ash Stanley 1913;414ml;Cream;Pote Térmico com Garfolher Cream Stanley 1913 | 414ml;False;False
14973479551336;Pote Térmico com Garfolher Cream Stanley 1913;414ml;Ash;Pote Térmico com Garfolher Ash Stanley 1913 | 414ml;False;False
14973479551336;Pote Térmico com Garfolher Cream Stanley 1913;414ml;Blue Sky;Pote Térmico com Garfolher Blue Sky Stanley 1913 | 414ml;False;False
14973479551336;Pote Térmico com Garfolher Cream Stanley 1913;414ml;Peach Rose;Pote Térmico com Garfolher Peach Rose Stanley 1913 | 414ml;False;False
14973479551336;Pote Térmico com Garfolher Cream Stanley 1913;414ml;Cream;Pote Térmico com Garfolher Cream Stanley 1913 | 414ml;False;True
14973473718632;Garrafa Térmica Twist Flip Stanley 1913 Black 2.0.;354ml;Ash;Garrafa Térmica Twist Flip Stanley 1913 Ash | 354ml;False;False
14973473718632;Garrafa Térmica Twist Flip Stanley 1913 Black 2.0.;354ml;Rose Quartz;Garrafa Térmica Twist Flip Stanley 1913 Rose Quartz | 354ml;False;False
14973473718632;Garrafa Térmica Twist Flip Stanley 1913 Black 2.0.;354ml;Black 2.0;Garrafa Térmica Twist Flip Stanley 1913 Black 2.0. | 354ml;False;True
14973473718632;Garrafa Térmica Twist Flip Stanley 1913 Black 2.0.;354ml;Twilight;Garrafa Térmica Twist Flip Stanley 1913 Twilight | 354ml;False;False
14973473718632;Garrafa Térmica Twist Flip Stanley 1913 Black 2.0.;354ml;Cream Gloss;Garrafa Térmica Twist Flip Stanley 1913 Cream Gloss | 354ml;False;False
14973473718632;Garrafa Térmica Twist Flip Stanley 1913 Black 2.0.;354ml;Dried Pine;Garrafa Térmica Twist Flip Stanley 1913 Dried Pine | 354ml;False;False
14973472309608;Copo Quencher Sea Glass Plume Stanley 1913;591ml;Cornflower Chevron;Copo Quencher Cornflower Chevron Stanley 1913 | 591ml;False;False
14973472309608;Copo Quencher Sea Glass Plume Stanley 1913;591ml;Cream Chevron;Copo Quencher Cream Chevron Stanley 1913 | 591ml;False;False
14973472309608;Copo Quencher Sea Glass Plume Stanley 1913;591ml;Cream;Copo Quencher Cream Stanley 1913 | 591ml;False;False
14973472309608;Copo Quencher Sea Glass Plume Stanley 1913;591ml;Peach Rose;Copo Quencher Peach Rose Stanley 1913 | 591ml;False;False
14973472309608;Copo Quencher Sea Glass Plume Stanley 1913;591ml;Plumeria Chevron;Copo Quencher Plumeria Chevron Stanley 1913 | 591ml;False;False
14973472309608;Copo Quencher Sea Glass Plume Stanley 1913;591ml;Purple Dust;Copo Quencher Purple Dust Stanley 1913 | 591ml;False;False
14973472309608;Copo Quencher Sea Glass Plume Stanley 1913;591ml;Pomelo;Copo Quencher Pomelo Stanley 1913 | 591ml;False;False
14973472309608;Copo Quencher Sea Glass Plume Stanley 1913;591ml;Sea Foam;Copo Quencher Sea Foam Stanley 1913 | 591ml;False;False
14973472309608;Copo Quencher Sea Glass Plume Stanley 1913;591ml;Rose Quartz;Copo Quencher Rose Quartz Stanley 1913 | 591ml;False;False
14973472309608;Copo Quencher Sea Glass Plume Stanley 1913;591ml;Sea Glass Plume;Copo Quencher Sea Glass Plume Stanley 1913 | 591ml;False;True
14973472276840;Copo Quencher Sea Glass Plume Stanley 1913;887ml;Rose Quartz;Copo Quencher Rose Quartz Stanley 1913 | 887ML;False;False
14973472276840;Copo Quencher Sea Glass Plume Stanley 1913;887ml;Cream;Copo Quencher Cream Stanley 1913 | 887ML;False;False
14973472276840;Copo Quencher Sea Glass Plume Stanley 1913;887ml;Frost;Copo Quencher Frost Stanley 1913 | 887ml;False;False
14973472276840;Copo Quencher Sea Glass Plume Stanley 1913;887ml;Black 2.0;Copo Quencher Black 2.0 Stanley 1913 | 887ML;False;False
14973472276840;Copo Quencher Sea Glass Plume Stanley 1913;887ml;Antique Pink;Copo Quencher Antique Pink Stanley 1913 | 887ml;False;False
14973472276840;Copo Quencher Sea Glass Plume Stanley 1913;887ml;Camel;Copo Quencher Camel Stanley 1913 | 887ml;False;False
14973472276840;Copo Quencher Sea Glass Plume Stanley 1913;887ml;Hydrangea;Copo Quencher Hydrangea Stanley 1913 | 887ml;False;False
14973472276840;Copo Quencher Sea Glass Plume Stanley 1913;887ml;Cherry Blossom;Copo Quencher Cherry Blossom Stanley 1913 | 887ml;False;False
14973472276840;Copo Quencher Sea Glass Plume Stanley 1913;887ml;Cream Moon;Copo Quencher Cream Moon Stanley 1913 | 887ml;False;False
14973472276840;Copo Quencher Sea Glass Plume Stanley 1913;887ml;Dew Drop;Copo Quencher Dew Drop Stanley 1913 | 887ml;False;False
14973472276840;Copo Quencher Sea Glass Plume Stanley 1913;887ml;Pistachio;Copo Quencher Pistachio Stanley 1913 | 887ml;False;False
14973472276840;Copo Quencher Sea Glass Plume Stanley 1913;887ml;Almond Rose;Copo Quencher Almond Rose Stanley 1913 | 887ml;False;False
14973472276840;Copo Quencher Sea Glass Plume Stanley 1913;887ml;Bloom;Copo Quencher Bloom Stanley 1913 | 887ML;False;False
14973472276840;Copo Quencher Sea Glass Plume Stanley 1913;887ml;Cornflower Cabana Gloss;Copo Quencher Cornflower Cabana Gloss Stanley 1913 | 887ml;False;False
14973472276840;Copo Quencher Sea Glass Plume Stanley 1913;887ml;Cornflower Gloss;Copo Quencher Cornflower Gloss Stanley 1913 | 887ml;False;False
14973472276840;Copo Quencher Sea Glass Plume Stanley 1913;887ml;Cream Royal;Copo Quencher Cream Royal Stanley 1913 | 887ml;False;False
14973472276840;Copo Quencher Sea Glass Plume Stanley 1913;887ml;Fuchsia;Copo Quencher Fuchsia Stanley 1913 | 887ml;False;False
14973472276840;Copo Quencher Sea Glass Plume Stanley 1913;887ml;Peach Whip Cabana Gloss;Copo Quencher Peach Whip Cabana Gloss Stanley 1913 | 887ml;False;False
14973472276840;Copo Quencher Sea Glass Plume Stanley 1913;887ml;Peach Whip Gloss;Copo Quencher Peach Whip Gloss Stanley 1913 | 887ml;False;False
14973472276840;Copo Quencher Sea Glass Plume Stanley 1913;887ml;Cool Serene;Copo Quencher Cool Serene Stanley 1913 | 887ML;False;False
14973472276840;Copo Quencher Sea Glass Plume Stanley 1913;887ml;Citron;Copo Quencher Citron Stanley 1913 | 887ML;False;False
14973472276840;Copo Quencher Sea Glass Plume Stanley 1913;887ml;Ash;Copo Quencher Ash Stanley 1913 | 887ml;False;False
14973472276840;Copo Quencher Sea Glass Plume Stanley 1913;887ml;Black 2.0;Copo Quencher Black 2.0 Stanley 1913 | 887ml;False;False
14973472276840;Copo Quencher Sea Glass Plume Stanley 1913;887ml;Peach Rose;Copo Quencher Peach Rose Stanley 1913 | 887ml;False;False
14973472276840;Copo Quencher Sea Glass Plume Stanley 1913;887ml;Purple Dust;Copo Quencher Purple Dust Stanley 1913 | 887ml;False;False
14973472276840;Copo Quencher Sea Glass Plume Stanley 1913;887ml;Sahara Plume;Copo Quencher Sahara Plume Stanley 1913 | 887ml;False;False
14973472276840;Copo Quencher Sea Glass Plume Stanley 1913;887ml;Sea Glass Plume;Copo Quencher Sea Glass Plume Stanley 1913 | 887ml;False;True
14973472276840;Copo Quencher Sea Glass Plume Stanley 1913;887ml;Tropical Teal;Copo Quencher Heat Wave Tropical Teal Stanley 1913 | 887ML;False;False
14973472276840;Copo Quencher Sea Glass Plume Stanley 1913;887ml;Chili;Copo Quencher Heat Wave Heat Wave Chili Stanley 1913 | 887ML;False;False
14973472276840;Copo Quencher Sea Glass Plume Stanley 1913;887ml;Bright Lime;Copo Quencher Heat Wave Bright Lime Stanley 1913 | 887ML;False;False
14973472244072;Copo Quencher Sahara Plume Stanley 1913;887ml;Rose Quartz;Copo Quencher Rose Quartz Stanley 1913 | 887ML;False;False
14973472244072;Copo Quencher Sahara Plume Stanley 1913;887ml;Cream;Copo Quencher Cream Stanley 1913 | 887ML;False;False
14973472244072;Copo Quencher Sahara Plume Stanley 1913;887ml;Frost;Copo Quencher Frost Stanley 1913 | 887ml;False;False
14973472244072;Copo Quencher Sahara Plume Stanley 1913;887ml;Black 2.0;Copo Quencher Black 2.0 Stanley 1913 | 887ML;False;False
14973472244072;Copo Quencher Sahara Plume Stanley 1913;887ml;Antique Pink;Copo Quencher Antique Pink Stanley 1913 | 887ml;False;False
14973472244072;Copo Quencher Sahara Plume Stanley 1913;887ml;Camel;Copo Quencher Camel Stanley 1913 | 887ml;False;False
14973472244072;Copo Quencher Sahara Plume Stanley 1913;887ml;Hydrangea;Copo Quencher Hydrangea Stanley 1913 | 887ml;False;False
14973472244072;Copo Quencher Sahara Plume Stanley 1913;887ml;Cherry Blossom;Copo Quencher Cherry Blossom Stanley 1913 | 887ml;False;False
14973472244072;Copo Quencher Sahara Plume Stanley 1913;887ml;Cream Moon;Copo Quencher Cream Moon Stanley 1913 | 887ml;False;False
14973472244072;Copo Quencher Sahara Plume Stanley 1913;887ml;Dew Drop;Copo Quencher Dew Drop Stanley 1913 | 887ml;False;False
14973472244072;Copo Quencher Sahara Plume Stanley 1913;887ml;Pistachio;Copo Quencher Pistachio Stanley 1913 | 887ml;False;False
14973472244072;Copo Quencher Sahara Plume Stanley 1913;887ml;Almond Rose;Copo Quencher Almond Rose Stanley 1913 | 887ml;False;False
14973472244072;Copo Quencher Sahara Plume Stanley 1913;887ml;Bloom;Copo Quencher Bloom Stanley 1913 | 887ML;False;False
14973472244072;Copo Quencher Sahara Plume Stanley 1913;887ml;Cornflower Cabana Gloss;Copo Quencher Cornflower Cabana Gloss Stanley 1913 | 887ml;False;False
14973472244072;Copo Quencher Sahara Plume Stanley 1913;887ml;Cornflower Gloss;Copo Quencher Cornflower Gloss Stanley 1913 | 887ml;False;False
14973472244072;Copo Quencher Sahara Plume Stanley 1913;887ml;Cream Royal;Copo Quencher Cream Royal Stanley 1913 | 887ml;False;False
14973472244072;Copo Quencher Sahara Plume Stanley 1913;887ml;Fuchsia;Copo Quencher Fuchsia Stanley 1913 | 887ml;False;False
14973472244072;Copo Quencher Sahara Plume Stanley 1913;887ml;Peach Whip Cabana Gloss;Copo Quencher Peach Whip Cabana Gloss Stanley 1913 | 887ml;False;False
14973472244072;Copo Quencher Sahara Plume Stanley 1913;887ml;Peach Whip Gloss;Copo Quencher Peach Whip Gloss Stanley 1913 | 887ml;False;False
14973472244072;Copo Quencher Sahara Plume Stanley 1913;887ml;Cool Serene;Copo Quencher Cool Serene Stanley 1913 | 887ML;False;False
14973472244072;Copo Quencher Sahara Plume Stanley 1913;887ml;Citron;Copo Quencher Citron Stanley 1913 | 887ML;False;False
14973472244072;Copo Quencher Sahara Plume Stanley 1913;887ml;Ash;Copo Quencher Ash Stanley 1913 | 887ml;False;False
14973472244072;Copo Quencher Sahara Plume Stanley 1913;887ml;Black 2.0;Copo Quencher Black 2.0 Stanley 1913 | 887ml;False;False
14973472244072;Copo Quencher Sahara Plume Stanley 1913;887ml;Peach Rose;Copo Quencher Peach Rose Stanley 1913 | 887ml;False;False
14973472244072;Copo Quencher Sahara Plume Stanley 1913;887ml;Purple Dust;Copo Quencher Purple Dust Stanley 1913 | 887ml;False;False
14973472244072;Copo Quencher Sahara Plume Stanley 1913;887ml;Sahara Plume;Copo Quencher Sahara Plume Stanley 1913 | 887ml;False;True
14973472244072;Copo Quencher Sahara Plume Stanley 1913;887ml;Sea Glass Plume;Copo Quencher Sea Glass Plume Stanley 1913 | 887ml;False;False
14973472244072;Copo Quencher Sahara Plume Stanley 1913;887ml;Tropical Teal;Copo Quencher Heat Wave Tropical Teal Stanley 1913 | 887ML;False;False
14973472244072;Copo Quencher Sahara Plume Stanley 1913;887ml;Chili;Copo Quencher Heat Wave Heat Wave Chili Stanley 1913 | 887ML;False;False
14973472244072;Copo Quencher Sahara Plume Stanley 1913;887ml;Bright Lime;Copo Quencher Heat Wave Bright Lime Stanley 1913 | 887ML;False;False
14973472211304;Mochila Térmica Madeleine Sea Glass Plume Stanley 1913;13.2L;Black;Mochila Térmica Madeleine Black Stanley 1913 | 13.2L;False;False
14973472211304;Mochila Térmica Madeleine Sea Glass Plume Stanley 1913;13.2L;Sea Glass Plume;Mochila Térmica Madeleine Sea Glass Plume Stanley 1913 | 13.2L;False;True
14973472211304;Mochila Térmica Madeleine Sea Glass Plume Stanley 1913;13.2L;Ash;Mochila Térmica Madeleine Mini Ash Stanley 1913 | 13.2L;False;False
14973472178536;Lancheira Térmica Julienne Sea Glass Plume Stanley 1913;7L;Fuchsia;Lancheira Térmica Julienne Fuchsia Stanley 1913 | 7L;False;False
14973472178536;Lancheira Térmica Julienne Sea Glass Plume Stanley 1913;7L;Seafoam;Lancheira Térmica Julienne Seafoam Stanley 1913 | 7L;False;False
14973472178536;Lancheira Térmica Julienne Sea Glass Plume Stanley 1913;7L;Ash;Lancheira Térmica Julienne Ash Stanley 1913 | 7L;False;False
14973472178536;Lancheira Térmica Julienne Sea Glass Plume Stanley 1913;7L;Sea Glass Plume;Lancheira Térmica Julienne Sea Glass Plume Stanley 1913 | 7L;False;True
14973472145768;Lancheira Térmica Julienne Ash Stanley 1913;7L;Fuchsia;Lancheira Térmica Julienne Fuchsia Stanley 1913 | 7L;False;False
14973472145768;Lancheira Térmica Julienne Ash Stanley 1913;7L;Seafoam;Lancheira Térmica Julienne Seafoam Stanley 1913 | 7L;False;False
14973472145768;Lancheira Térmica Julienne Ash Stanley 1913;7L;Ash;Lancheira Térmica Julienne Ash Stanley 1913 | 7L;False;True
14973472145768;Lancheira Térmica Julienne Ash Stanley 1913;7L;Sea Glass Plume;Lancheira Térmica Julienne Sea Glass Plume Stanley 1913 | 7L;False;False
14973472113000;Garrafa Térmica Aerolight Flip Straw Cobalt Chartreuse Stanley 1913;473ml;Ash;Garrafa Térmica Aerolight Flip Straw Ash Stanley 1913 | 473ml;False;False
14973472113000;Garrafa Térmica Aerolight Flip Straw Cobalt Chartreuse Stanley 1913;473ml;Black;Garrafa Térmica Aerolight Flip Straw Black Stanley 1913 | 473ml;False;False
14973472113000;Garrafa Térmica Aerolight Flip Straw Cobalt Chartreuse Stanley 1913;473ml;Frost;Garrafa Térmica Aerolight Flip Straw Frost Stanley 1913 | 473ml;False;False
14973472113000;Garrafa Térmica Aerolight Flip Straw Cobalt Chartreuse Stanley 1913;473ml;Pomelo;Garrafa Térmica Aerolight Flip Straw Pomelo Stanley 1913 | 473ml;False;False
14973472113000;Garrafa Térmica Aerolight Flip Straw Cobalt Chartreuse Stanley 1913;473ml;Rose Quartz;Garrafa Térmica Aerolight Flip Straw Rose Quartz Stanley 1913 | 473ml;False;False
14973472113000;Garrafa Térmica Aerolight Flip Straw Cobalt Chartreuse Stanley 1913;473ml;Chartreuse;Garrafa Térmica Aerolight Flip Straw Chartreuse Stanley 1913 | 473ml;False;False
14973472113000;Garrafa Térmica Aerolight Flip Straw Cobalt Chartreuse Stanley 1913;473ml;Cobalt Chartreuse;Garrafa Térmica Aerolight Flip Straw Cobalt Chartreuse Stanley 1913 | 473ml;False;True
14973472113000;Garrafa Térmica Aerolight Flip Straw Cobalt Chartreuse Stanley 1913;473ml;Dark Blossom;Garrafa Térmica Aerolight Flip Straw Dark Blossom Stanley 1913 | 473ml;False;False
14973472080232;Garrafa Térmica Aerolight Flip Straw Chartreuse Stanley 1913;473ml;Ash;Garrafa Térmica Aerolight Flip Straw Ash Stanley 1913 | 473ml;False;False
14973472080232;Garrafa Térmica Aerolight Flip Straw Chartreuse Stanley 1913;473ml;Black;Garrafa Térmica Aerolight Flip Straw Black Stanley 1913 | 473ml;False;False
14973472080232;Garrafa Térmica Aerolight Flip Straw Chartreuse Stanley 1913;473ml;Frost;Garrafa Térmica Aerolight Flip Straw Frost Stanley 1913 | 473ml;False;False
14973472080232;Garrafa Térmica Aerolight Flip Straw Chartreuse Stanley 1913;473ml;Pomelo;Garrafa Térmica Aerolight Flip Straw Pomelo Stanley 1913 | 473ml;False;False
14973472080232;Garrafa Térmica Aerolight Flip Straw Chartreuse Stanley 1913;473ml;Rose Quartz;Garrafa Térmica Aerolight Flip Straw Rose Quartz Stanley 1913 | 473ml;False;False
14973472080232;Garrafa Térmica Aerolight Flip Straw Chartreuse Stanley 1913;473ml;Chartreuse;Garrafa Térmica Aerolight Flip Straw Chartreuse Stanley 1913 | 473ml;False;True
14973472080232;Garrafa Térmica Aerolight Flip Straw Chartreuse Stanley 1913;473ml;Cobalt Chartreuse;Garrafa Térmica Aerolight Flip Straw Cobalt Chartreuse Stanley 1913 | 473ml;False;False
14973472080232;Garrafa Térmica Aerolight Flip Straw Chartreuse Stanley 1913;473ml;Dark Blossom;Garrafa Térmica Aerolight Flip Straw Dark Blossom Stanley 1913 | 473ml;False;False
14973472047464;Garrafa Térmica Aerolight Flip Straw Dark Blossom Stanley 1913;473ml;Ash;Garrafa Térmica Aerolight Flip Straw Ash Stanley 1913 | 473ml;False;False
14973472047464;Garrafa Térmica Aerolight Flip Straw Dark Blossom Stanley 1913;473ml;Black;Garrafa Térmica Aerolight Flip Straw Black Stanley 1913 | 473ml;False;False
14973472047464;Garrafa Térmica Aerolight Flip Straw Dark Blossom Stanley 1913;473ml;Frost;Garrafa Térmica Aerolight Flip Straw Frost Stanley 1913 | 473ml;False;False
14973472047464;Garrafa Térmica Aerolight Flip Straw Dark Blossom Stanley 1913;473ml;Pomelo;Garrafa Térmica Aerolight Flip Straw Pomelo Stanley 1913 | 473ml;False;False
14973472047464;Garrafa Térmica Aerolight Flip Straw Dark Blossom Stanley 1913;473ml;Rose Quartz;Garrafa Térmica Aerolight Flip Straw Rose Quartz Stanley 1913 | 473ml;False;False
14973472047464;Garrafa Térmica Aerolight Flip Straw Dark Blossom Stanley 1913;473ml;Chartreuse;Garrafa Térmica Aerolight Flip Straw Chartreuse Stanley 1913 | 473ml;False;False
14973472047464;Garrafa Térmica Aerolight Flip Straw Dark Blossom Stanley 1913;473ml;Cobalt Chartreuse;Garrafa Térmica Aerolight Flip Straw Cobalt Chartreuse Stanley 1913 | 473ml;False;False
14973472047464;Garrafa Térmica Aerolight Flip Straw Dark Blossom Stanley 1913;473ml;Dark Blossom;Garrafa Térmica Aerolight Flip Straw Dark Blossom Stanley 1913 | 473ml;False;True
14973472014696;Garrafa Térmica Aerolight Flip Straw Dark Blossom Stanley 1913;710ml;Pomelo;Garrafa Térmica Aerolight Flip Straw Pomelo Stanley 1913 | 710ml;False;False
14973472014696;Garrafa Térmica Aerolight Flip Straw Dark Blossom Stanley 1913;710ml;Lilac;Garrafa Térmica Aerolight Flip Straw Lilac Stanley 1913 | 710ml;False;False
14973472014696;Garrafa Térmica Aerolight Flip Straw Dark Blossom Stanley 1913;710ml;Black;Garrafa Térmica Aerolight Flip Straw Black Stanley 1913 | 710ML;False;False
14973472014696;Garrafa Térmica Aerolight Flip Straw Dark Blossom Stanley 1913;710ml;Ash;Garrafa Térmica Aerolight Flip Straw Ash Stanley 1913 | 710ml;False;False
14973472014696;Garrafa Térmica Aerolight Flip Straw Dark Blossom Stanley 1913;710ml;Rose Quartz;Garrafa Térmica Aerolight Flip Straw Rose Quartz Stanley 1913 | 710ml;False;False
14973472014696;Garrafa Térmica Aerolight Flip Straw Dark Blossom Stanley 1913;710ml;Hot Coral;Garrafa Térmica Aerolight Flip Straw Hot Coral Stanley 1913 | 710ml;False;False
14973472014696;Garrafa Térmica Aerolight Flip Straw Dark Blossom Stanley 1913;710ml;Splash;Garrafa Térmica Aerolight Flip Straw Splash Stanley 1913 | 710ml;False;False
14973472014696;Garrafa Térmica Aerolight Flip Straw Dark Blossom Stanley 1913;710ml;Frost;Garrafa Térmica Aerolight Flip Straw Heat Wave Frost Stanley 1913 | 710ML;False;False
14973472014696;Garrafa Térmica Aerolight Flip Straw Dark Blossom Stanley 1913;710ml;Vivid Violet;Garrafa Térmica Aerolight Flip Straw Heat Wave Vivid Violet Stanley 1913 | 710ML;False;False
14973472014696;Garrafa Térmica Aerolight Flip Straw Dark Blossom Stanley 1913;710ml;Apple Shimmer;Garrafa Térmica Aerolight Flip Straw Stanley 1913 Candy Apple Shimmer  | 710ML;False;False
14973472014696;Garrafa Térmica Aerolight Flip Straw Dark Blossom Stanley 1913;710ml;Clover Shimmer;Garrafa Térmica Aerolight Flip Straw Stanley 1913 Clover Shimmer | 710ML;False;False
14973472014696;Garrafa Térmica Aerolight Flip Straw Dark Blossom Stanley 1913;710ml;Pink Messi;Garrafa Térmica Aerolight Flip Straw Pink Messi Stanley 1913 | 710ml;False;False
14973472014696;Garrafa Térmica Aerolight Flip Straw Dark Blossom Stanley 1913;710ml;Striker Blue;Garrafa Térmica Aerolight Flip Straw Messi Blue Stanley 1913 | 710ml;False;False
14973472014696;Garrafa Térmica Aerolight Flip Straw Dark Blossom Stanley 1913;710ml;Cornflower Gloss;Garrafa Térmica Aerolight Flip Straw Cornflower Gloss Stanley 1913 | 710ml;False;False
14973472014696;Garrafa Térmica Aerolight Flip Straw Dark Blossom Stanley 1913;710ml;Peach Whip Gloss;Garrafa Térmica Aerolight Flip Straw Peach Whip Gloss Stanley 1913 | 710ml;False;False
14973472014696;Garrafa Térmica Aerolight Flip Straw Dark Blossom Stanley 1913;710ml;Cream Rose Gold;Garrafa Térmica Aerolight Flip Straw Cream Rose Gold Stanley 1913 | 710ml;False;False
14973472014696;Garrafa Térmica Aerolight Flip Straw Dark Blossom Stanley 1913;710ml;Terracota;Garrafa Térmica Aerolight Flip Straw Terracota Stanley 1913 | 710ml;False;False
14973472014696;Garrafa Térmica Aerolight Flip Straw Dark Blossom Stanley 1913;710ml;Agave;Garrafa Térmica Aerolight Flip Straw Agave Stanley 1913 | 710ml;False;False
14973472014696;Garrafa Térmica Aerolight Flip Straw Dark Blossom Stanley 1913;710ml;Dark Blossom;Garrafa Térmica Aerolight Flip Straw Dark Blossom Stanley 1913 | 710ml;False;True
14973472014696;Garrafa Térmica Aerolight Flip Straw Dark Blossom Stanley 1913;710ml;Messi Black;Garrafa Térmica Aerolight Flip Straw Messi Black Stanley 1913 | 710ml;False;False
14973472014696;Garrafa Térmica Aerolight Flip Straw Dark Blossom Stanley 1913;710ml;Prickly Pear;Garrafa Térmica Aerolight Flip Straw Prickly Pear Stanley 1913 | 710ml;False;False
14973472014696;Garrafa Térmica Aerolight Flip Straw Dark Blossom Stanley 1913;710ml;Twilight;Garrafa Térmica Aerolight Flip Straw Twilight Stanley 1913 | 710ml;False;False
14973472014696;Garrafa Térmica Aerolight Flip Straw Dark Blossom Stanley 1913;710ml;Honeydew Hypergrip;Garrafa Térmica Aerolight Flip Straw Honeydew Hypergrip Stanley 1913 | 710ml;False;False
14973471981928;Mochila Térmica Madeleine Black Stanley 1913;13.2L;Black;Mochila Térmica Madeleine Black Stanley 1913 | 13.2L;False;True
14973471981928;Mochila Térmica Madeleine Black Stanley 1913;13.2L;Sea Glass Plume;Mochila Térmica Madeleine Sea Glass Plume Stanley 1913 | 13.2L;False;False
14973471981928;Mochila Térmica Madeleine Black Stanley 1913;13.2L;Ash;Mochila Térmica Madeleine Mini Ash Stanley 1913 | 13.2L;False;False
14973471949160;Cuia Térmica Hammertone Black Stanley 1913;236ml;Messi Black;Cuia Térmica Mate Messi Black Stanley 1913 | 236ml;False;False
14973471949160;Cuia Térmica Hammertone Black Stanley 1913;236ml;Dried Pine;Cuia Térmica Dried Pine Stanley 1913 | 236ml;False;False
14973471949160;Cuia Térmica Hammertone Black Stanley 1913;236ml;Hammertone Black;Cuia Térmica Hammertone Black Stanley 1913 | 236ml;False;True
14973471949160;Cuia Térmica Hammertone Black Stanley 1913;236ml;Hammertone Green;Cuia Térmica Hammertone Green Stanley 1913 | 236ml;False;False
14973471949160;Cuia Térmica Hammertone Black Stanley 1913;236ml;Matte Red;Cuia Térmica Matte Red Stanley 1913 | 236ml;False;False
14973471949160;Cuia Térmica Hammertone Black Stanley 1913;236ml;Rose Quartz;Cuia Térmica Rose Quartz Stanley 1913 | 236ml;False;False
14973471949160;Cuia Térmica Hammertone Black Stanley 1913;236ml;Toast;Cuia Térmica Toast Stanley 1913 | 236ml;False;False
14973471949160;Cuia Térmica Hammertone Black Stanley 1913;236ml;Stainless Steel;Cuia Térmica Stainless Steel Stanley 1913 | 236ml;False;False
14973471687016;Quencher Protour Orange Sherbet Stanley 1913;1.18L;Agave;Quencher Protour Agave Stanley 1913 | 1.18l;False;False
14973471687016;Quencher Protour Orange Sherbet Stanley 1913;1.18L;Ash Fade;Quencher Protour Ash Fade Stanley 1913 | 1.18l;False;False
14973471687016;Quencher Protour Orange Sherbet Stanley 1913;1.18L;Black Fade;Quencher Protour Black Fade Stanley 1913 | 1.18l;False;False
14973471687016;Quencher Protour Orange Sherbet Stanley 1913;1.18L;Dried Pine;Quencher Protour Dried Pine Stanley 1913 | 1.18L;False;False
14973471687016;Quencher Protour Orange Sherbet Stanley 1913;1.18L;Frost Fade;Quencher Protour Frost Fade Stanley 1913 | 1.18l;False;False
14973471687016;Quencher Protour Orange Sherbet Stanley 1913;1.18L;Messi Black;Quencher Protour Messi Black Stanley 1913 | 1.18L;False;False
14973471687016;Quencher Protour Orange Sherbet Stanley 1913;1.18L;Pink Messi;Quencher Protour Pink Messi Stanley 1913 | 1.18L;False;False
14973471687016;Quencher Protour Orange Sherbet Stanley 1913;1.18L;Prickly Pear;Quencher Protour Prickly Pear Stanley 1913 | 1.18l;False;False
14973471687016;Quencher Protour Orange Sherbet Stanley 1913;1.18L;Rose Quartz Fade;Quencher Protour Rose Quartz Fade Stanley 1913 | 1.18l;False;False
14973471687016;Quencher Protour Orange Sherbet Stanley 1913;1.18L;Toast;Quencher Protour Toast Stanley 1913 | 1.18L;False;False
14973471687016;Quencher Protour Orange Sherbet Stanley 1913;1.18L;Twilight;Quencher Protour Twilight Stanley 1913 | 1.18L;False;False
14973471687016;Quencher Protour Orange Sherbet Stanley 1913;1.18L;Wild Blooms;Quencher Protour Wild Blooms Stanley 1913 | 1.18L;False;False
14973471687016;Quencher Protour Orange Sherbet Stanley 1913;1.18L;Costal Teal;Quencher Protour Costal Teal Stanley 1913 | 1.18L;False;False
14973471687016;Quencher Protour Orange Sherbet Stanley 1913;1.18L;Frost;Quencher Protour Frost Lovely Stanley 1913 | 1.18L;False;False
14973471687016;Quencher Protour Orange Sherbet Stanley 1913;1.18L;Orange Sherbet;Quencher Protour Orange Sherbet Stanley 1913 | 1.18L;False;True
14973471687016;Quencher Protour Orange Sherbet Stanley 1913;1.18L;Dark Navy;Quencher Protour Dark Navy Stanley 1913 | 1.18L;False;False
14973471687016;Quencher Protour Orange Sherbet Stanley 1913;1.18L;Cream;Quencher Protour Cream Stanley 1913 | 1.18l;False;False
14973471588712;Garrafa Térmica Aerolight Transit Ash Stanley 1913;591ml;Blue Sky;Garrafa Térmica Aerolight Transit Blue Sky Stanley 1913 | 591ml;False;False
14973471588712;Garrafa Térmica Aerolight Transit Ash Stanley 1913;591ml;Peach Rose;Garrafa Térmica Aerolight Transit Peach Rose Stanley 1913 | 591ml;False;False
14973471588712;Garrafa Térmica Aerolight Transit Ash Stanley 1913;591ml;Ash;Garrafa Térmica Aerolight Transit Ash Stanley 1913 | 591ml;False;True
14973471555944;Garrafa Térmica Aerolight Transit Blue Sky Stanley 1913;591ml;Blue Sky;Garrafa Térmica Aerolight Transit Blue Sky Stanley 1913 | 591ml;False;True
14973471555944;Garrafa Térmica Aerolight Transit Blue Sky Stanley 1913;591ml;Peach Rose;Garrafa Térmica Aerolight Transit Peach Rose Stanley 1913 | 591ml;False;False
14973471555944;Garrafa Térmica Aerolight Transit Blue Sky Stanley 1913;591ml;Ash;Garrafa Térmica Aerolight Transit Ash Stanley 1913 | 591ml;False;False
14973471490408;Camp Mug Slate Blue Stanley 1913;236ml;Hammertone Black;Camp Mug Hammertone Black Stanley 1913 | 236ml;False;False
14973471490408;Camp Mug Slate Blue Stanley 1913;236ml;Hammertone Green;Camp Mug Hammertone Green Stanley 1913 | 236ml;False;False
14973471490408;Camp Mug Slate Blue Stanley 1913;236ml;Purple Smoke;Camp Mug Purple Smoke Stanley 1913 | 236ml;False;False
14973471490408;Camp Mug Slate Blue Stanley 1913;236ml;Slate Blue;Camp Mug Slate Blue Stanley 1913 | 236ml;False;True
14973471490408;Camp Mug Slate Blue Stanley 1913;236ml;Ash;Camp Mug Ash Stanley 1913 | 236ml;False;False
14973471490408;Camp Mug Slate Blue Stanley 1913;236ml;Coffee;Camp Mug Coffee Stanley 1913 | 236ml;False;False
14973471490408;Camp Mug Slate Blue Stanley 1913;236ml;Rose Quartz;Camp Mug Rose Quartz Stanley 1913 | 236ml;False;False
14973471490408;Camp Mug Slate Blue Stanley 1913;236ml;Toast;Camp Mug Toast Stanley 1913 | 236ml;False;False
14973471457640;Camp Mug Purple Smoke Stanley 1913;236ml;Hammertone Black;Camp Mug Hammertone Black Stanley 1913 | 236ml;False;False
14973471457640;Camp Mug Purple Smoke Stanley 1913;236ml;Hammertone Green;Camp Mug Hammertone Green Stanley 1913 | 236ml;False;False
14973471457640;Camp Mug Purple Smoke Stanley 1913;236ml;Purple Smoke;Camp Mug Purple Smoke Stanley 1913 | 236ml;False;True
14973471457640;Camp Mug Purple Smoke Stanley 1913;236ml;Slate Blue;Camp Mug Slate Blue Stanley 1913 | 236ml;False;False
14973471457640;Camp Mug Purple Smoke Stanley 1913;236ml;Ash;Camp Mug Ash Stanley 1913 | 236ml;False;False
14973471457640;Camp Mug Purple Smoke Stanley 1913;236ml;Coffee;Camp Mug Coffee Stanley 1913 | 236ml;False;False
14973471457640;Camp Mug Purple Smoke Stanley 1913;236ml;Rose Quartz;Camp Mug Rose Quartz Stanley 1913 | 236ml;False;False
14973471457640;Camp Mug Purple Smoke Stanley 1913;236ml;Toast;Camp Mug Toast Stanley 1913 | 236ml;False;False
14973471424872;Mug Térmica Café To Go Cream Gloss Stanley 1913;354ml;Black 2.0;Mug Térmica Café To Go Black 2.0 Stanley 1913 | 354ml;False;False
14973471424872;Mug Térmica Café To Go Cream Gloss Stanley 1913;354ml;Coffee;Mug Térmica Café To Go Coffee Stanley 1913 | 354ml;False;False
14973471424872;Mug Térmica Café To Go Cream Gloss Stanley 1913;354ml;Cream Gloss;Mug Térmica Café To Go Cream Gloss Stanley 1913 | 354ml;False;True
14973471424872;Mug Térmica Café To Go Cream Gloss Stanley 1913;354ml;Toast;Mug Térmica Café To Go Toast Stanley 1913 | 354ml;False;False
14973471392104;Mug Térmica Café To Go Black 2.0 Stanley 1913;354ml;Black 2.0;Mug Térmica Café To Go Black 2.0 Stanley 1913 | 354ml;False;True
14973471392104;Mug Térmica Café To Go Black 2.0 Stanley 1913;354ml;Coffee;Mug Térmica Café To Go Coffee Stanley 1913 | 354ml;False;False
14973471392104;Mug Térmica Café To Go Black 2.0 Stanley 1913;354ml;Cream Gloss;Mug Térmica Café To Go Cream Gloss Stanley 1913 | 354ml;False;False
14973471392104;Mug Térmica Café To Go Black 2.0 Stanley 1913;354ml;Toast;Mug Térmica Café To Go Toast Stanley 1913 | 354ml;False;False
14973471359336;Mug Térmica Café To Go Toast Stanley 1913;354ml;Black 2.0;Mug Térmica Café To Go Black 2.0 Stanley 1913 | 354ml;False;False
14973471359336;Mug Térmica Café To Go Toast Stanley 1913;354ml;Coffee;Mug Térmica Café To Go Coffee Stanley 1913 | 354ml;False;False
14973471359336;Mug Térmica Café To Go Toast Stanley 1913;354ml;Cream Gloss;Mug Térmica Café To Go Cream Gloss Stanley 1913 | 354ml;False;False
14973471359336;Mug Térmica Café To Go Toast Stanley 1913;354ml;Toast;Mug Térmica Café To Go Toast Stanley 1913 | 354ml;False;True
14973471293800;Mug Térmica Café To Go Coffee Stanley 1913;354ml;Black 2.0;Mug Térmica Café To Go Black 2.0 Stanley 1913 | 354ml;False;False
14973471293800;Mug Térmica Café To Go Coffee Stanley 1913;354ml;Coffee;Mug Térmica Café To Go Coffee Stanley 1913 | 354ml;False;True
14973471293800;Mug Térmica Café To Go Coffee Stanley 1913;354ml;Cream Gloss;Mug Térmica Café To Go Cream Gloss Stanley 1913 | 354ml;False;False
14973471293800;Mug Térmica Café To Go Coffee Stanley 1913;354ml;Toast;Mug Térmica Café To Go Toast Stanley 1913 | 354ml;False;False
14973471261032;Mug Térmica Café To Go Coffee Stanley 1913;236ml;Cream Gloss;Mug Térmica Café To Go Cream Gloss Stanley 1913 | 236ml;False;False
14973471261032;Mug Térmica Café To Go Coffee Stanley 1913;236ml;Black 2.0;Mug Térmica Café To Go Black 2.0 Stanley 1913 | 236ml;False;False
14973471261032;Mug Térmica Café To Go Coffee Stanley 1913;236ml;Toast;Mug Térmica Café To Go Toast Stanley 1913 | 236ml;False;False
14973471261032;Mug Térmica Café To Go Coffee Stanley 1913;236ml;Peach Rose;Mug Térmica Café To Go Peach Rose Stanley 1913 | 236ml;False;False
14973471261032;Mug Térmica Café To Go Coffee Stanley 1913;236ml;Coffee;Mug Térmica Café To Go Coffee Stanley 1913 | 236ml;False;True
14973471261032;Mug Térmica Café To Go Coffee Stanley 1913;236ml;Blue Dream Stone;Mug Térmica Café To Go Blue Dream Stone | 236ml;False;False
14973471261032;Mug Térmica Café To Go Coffee Stanley 1913;236ml;Twilight;Mug Térmica Café To Go Twilight Stanley 1913 | 236ml;False;False
14973471195496;Mug Térmica Café To Go Peach Rose Stanley 1913;236ml;Cream Gloss;Mug Térmica Café To Go Cream Gloss Stanley 1913 | 236ml;False;False
14973471195496;Mug Térmica Café To Go Peach Rose Stanley 1913;236ml;Black 2.0;Mug Térmica Café To Go Black 2.0 Stanley 1913 | 236ml;False;False
14973471195496;Mug Térmica Café To Go Peach Rose Stanley 1913;236ml;Toast;Mug Térmica Café To Go Toast Stanley 1913 | 236ml;False;False
14973471195496;Mug Térmica Café To Go Peach Rose Stanley 1913;236ml;Peach Rose;Mug Térmica Café To Go Peach Rose Stanley 1913 | 236ml;False;True
14973471195496;Mug Térmica Café To Go Peach Rose Stanley 1913;236ml;Coffee;Mug Térmica Café To Go Coffee Stanley 1913 | 236ml;False;False
14973471162728;Camp Mug Hammertone Green Stanley 1913;236ml;Hammertone Black;Camp Mug Hammertone Black Stanley 1913 | 236ml;False;False
14973471162728;Camp Mug Hammertone Green Stanley 1913;236ml;Hammertone Green;Camp Mug Hammertone Green Stanley 1913 | 236ml;False;True
14973471162728;Camp Mug Hammertone Green Stanley 1913;236ml;Purple Smoke;Camp Mug Purple Smoke Stanley 1913 | 236ml;False;False
14973471162728;Camp Mug Hammertone Green Stanley 1913;236ml;Slate Blue;Camp Mug Slate Blue Stanley 1913 | 236ml;False;False
14973471162728;Camp Mug Hammertone Green Stanley 1913;236ml;Ash;Camp Mug Ash Stanley 1913 | 236ml;False;False
14973471162728;Camp Mug Hammertone Green Stanley 1913;236ml;Coffee;Camp Mug Coffee Stanley 1913 | 236ml;False;False
14973471162728;Camp Mug Hammertone Green Stanley 1913;236ml;Rose Quartz;Camp Mug Rose Quartz Stanley 1913 | 236ml;False;False
14973471162728;Camp Mug Hammertone Green Stanley 1913;236ml;Toast;Camp Mug Toast Stanley 1913 | 236ml;False;False
14973471097192;Camp Mug Hammertone Black Stanley 1913;236ml;Hammertone Black;Camp Mug Hammertone Black Stanley 1913 | 236ml;False;True
14973471097192;Camp Mug Hammertone Black Stanley 1913;236ml;Hammertone Green;Camp Mug Hammertone Green Stanley 1913 | 236ml;False;False
14973471097192;Camp Mug Hammertone Black Stanley 1913;236ml;Purple Smoke;Camp Mug Purple Smoke Stanley 1913 | 236ml;False;False
14973471097192;Camp Mug Hammertone Black Stanley 1913;236ml;Slate Blue;Camp Mug Slate Blue Stanley 1913 | 236ml;False;False
14973471097192;Camp Mug Hammertone Black Stanley 1913;236ml;Ash;Camp Mug Ash Stanley 1913 | 236ml;False;False
14973471097192;Camp Mug Hammertone Black Stanley 1913;236ml;Coffee;Camp Mug Coffee Stanley 1913 | 236ml;False;False
14973471097192;Camp Mug Hammertone Black Stanley 1913;236ml;Rose Quartz;Camp Mug Rose Quartz Stanley 1913 | 236ml;False;False
14973471097192;Camp Mug Hammertone Black Stanley 1913;236ml;Toast;Camp Mug Toast Stanley 1913 | 236ml;False;False
14973471064424;Garrafa Térmica Aerolight Transit Peach Rose Stanley 1913;591ml;Blue Sky;Garrafa Térmica Aerolight Transit Blue Sky Stanley 1913 | 591ml;False;False
14973471064424;Garrafa Térmica Aerolight Transit Peach Rose Stanley 1913;591ml;Peach Rose;Garrafa Térmica Aerolight Transit Peach Rose Stanley 1913 | 591ml;False;True
14973471064424;Garrafa Térmica Aerolight Transit Peach Rose Stanley 1913;591ml;Ash;Garrafa Térmica Aerolight Transit Ash Stanley 1913 | 591ml;False;False
14973471031656;Garrafa Térmica Aerolight Transit Peach Rose Stanley 1913;354ml;Peach Rose;Garrafa Térmica Aerolight Transit Peach Rose Stanley 1913 | 354ml;False;True
14973471031656;Garrafa Térmica Aerolight Transit Peach Rose Stanley 1913;354ml;Toast;Garrafa Térmica Aerolight Transit Toast Stanley 1913 | 354ml;False;False
14973470998888;Garrafa Térmica Twist Flip Stanley 1913 Twilight;354ml;Ash;Garrafa Térmica Twist Flip Stanley 1913 Ash | 354ml;False;False
14973470998888;Garrafa Térmica Twist Flip Stanley 1913 Twilight;354ml;Rose Quartz;Garrafa Térmica Twist Flip Stanley 1913 Rose Quartz | 354ml;False;False
14973470998888;Garrafa Térmica Twist Flip Stanley 1913 Twilight;354ml;Black 2.0;Garrafa Térmica Twist Flip Stanley 1913 Black 2.0. | 354ml;False;False
14973470998888;Garrafa Térmica Twist Flip Stanley 1913 Twilight;354ml;Twilight;Garrafa Térmica Twist Flip Stanley 1913 Twilight | 354ml;False;True
14973470998888;Garrafa Térmica Twist Flip Stanley 1913 Twilight;354ml;Cream Gloss;Garrafa Térmica Twist Flip Stanley 1913 Cream Gloss | 354ml;False;False
14973470998888;Garrafa Térmica Twist Flip Stanley 1913 Twilight;354ml;Dried Pine;Garrafa Térmica Twist Flip Stanley 1913 Dried Pine | 354ml;False;False
14973470933352;Garrafa Térmica Twist Flip Stanley 1913 Rose Quartz;354ml;Ash;Garrafa Térmica Twist Flip Stanley 1913 Ash | 354ml;False;False
14973470933352;Garrafa Térmica Twist Flip Stanley 1913 Rose Quartz;354ml;Rose Quartz;Garrafa Térmica Twist Flip Stanley 1913 Rose Quartz | 354ml;False;True
14973470933352;Garrafa Térmica Twist Flip Stanley 1913 Rose Quartz;354ml;Black 2.0;Garrafa Térmica Twist Flip Stanley 1913 Black 2.0. | 354ml;False;False
14973470933352;Garrafa Térmica Twist Flip Stanley 1913 Rose Quartz;354ml;Twilight;Garrafa Térmica Twist Flip Stanley 1913 Twilight | 354ml;False;False
14973470933352;Garrafa Térmica Twist Flip Stanley 1913 Rose Quartz;354ml;Cream Gloss;Garrafa Térmica Twist Flip Stanley 1913 Cream Gloss | 354ml;False;False
14973470933352;Garrafa Térmica Twist Flip Stanley 1913 Rose Quartz;354ml;Dried Pine;Garrafa Térmica Twist Flip Stanley 1913 Dried Pine | 354ml;False;False
14973470900584;Garrafa Térmica Twist Flip Stanley 1913 Ash;354ml;Ash;Garrafa Térmica Twist Flip Stanley 1913 Ash | 354ml;False;True
14973470900584;Garrafa Térmica Twist Flip Stanley 1913 Ash;354ml;Rose Quartz;Garrafa Térmica Twist Flip Stanley 1913 Rose Quartz | 354ml;False;False
14973470900584;Garrafa Térmica Twist Flip Stanley 1913 Ash;354ml;Black 2.0;Garrafa Térmica Twist Flip Stanley 1913 Black 2.0. | 354ml;False;False
14973470900584;Garrafa Térmica Twist Flip Stanley 1913 Ash;354ml;Twilight;Garrafa Térmica Twist Flip Stanley 1913 Twilight | 354ml;False;False
14973470900584;Garrafa Térmica Twist Flip Stanley 1913 Ash;354ml;Cream Gloss;Garrafa Térmica Twist Flip Stanley 1913 Cream Gloss | 354ml;False;False
14973470900584;Garrafa Térmica Twist Flip Stanley 1913 Ash;354ml;Dried Pine;Garrafa Térmica Twist Flip Stanley 1913 Dried Pine | 354ml;False;False
14973470802280;Garrafa Térmica Twist Flip Stanley 1913 Cream Gloss;354ml;Ash;Garrafa Térmica Twist Flip Stanley 1913 Ash | 354ml;False;False
14973470802280;Garrafa Térmica Twist Flip Stanley 1913 Cream Gloss;354ml;Rose Quartz;Garrafa Térmica Twist Flip Stanley 1913 Rose Quartz | 354ml;False;False
14973470802280;Garrafa Térmica Twist Flip Stanley 1913 Cream Gloss;354ml;Black 2.0;Garrafa Térmica Twist Flip Stanley 1913 Black 2.0. | 354ml;False;False
14973470802280;Garrafa Térmica Twist Flip Stanley 1913 Cream Gloss;354ml;Twilight;Garrafa Térmica Twist Flip Stanley 1913 Twilight | 354ml;False;False
14973470802280;Garrafa Térmica Twist Flip Stanley 1913 Cream Gloss;354ml;Cream Gloss;Garrafa Térmica Twist Flip Stanley 1913 Cream Gloss | 354ml;False;True
14973470802280;Garrafa Térmica Twist Flip Stanley 1913 Cream Gloss;354ml;Dried Pine;Garrafa Térmica Twist Flip Stanley 1913 Dried Pine | 354ml;False;False
14973470769512;Garrafa Térmica Twist Flip Stanley 1913 Dried Pine;354ml;Ash;Garrafa Térmica Twist Flip Stanley 1913 Ash | 354ml;False;False
14973470769512;Garrafa Térmica Twist Flip Stanley 1913 Dried Pine;354ml;Rose Quartz;Garrafa Térmica Twist Flip Stanley 1913 Rose Quartz | 354ml;False;False
14973470769512;Garrafa Térmica Twist Flip Stanley 1913 Dried Pine;354ml;Black 2.0;Garrafa Térmica Twist Flip Stanley 1913 Black 2.0. | 354ml;False;False
14973470769512;Garrafa Térmica Twist Flip Stanley 1913 Dried Pine;354ml;Twilight;Garrafa Térmica Twist Flip Stanley 1913 Twilight | 354ml;False;False
14973470769512;Garrafa Térmica Twist Flip Stanley 1913 Dried Pine;354ml;Cream Gloss;Garrafa Térmica Twist Flip Stanley 1913 Cream Gloss | 354ml;False;False
14973470769512;Garrafa Térmica Twist Flip Stanley 1913 Dried Pine;354ml;Dried Pine;Garrafa Térmica Twist Flip Stanley 1913 Dried Pine | 354ml;False;True
14973467459944;Garrafa Térmica Aerolight Transit Frost Heart Stanley 1913;473ML;Cream Moon;Garrafa Térmica Aerolight Transit Cream Moon Stanley 1913 | 473ML;False;False
14973467459944;Garrafa Térmica Aerolight Transit Frost Heart Stanley 1913;473ML;Frost;Garrafa Térmica Aerolight Transit Frost Heart Stanley 1913 | 473ML;False;True
14973467427176;Quencher Protour Costal Teal Stanley 1913;1.18L;Agave;Quencher Protour Agave Stanley 1913 | 1.18l;False;False
14973467427176;Quencher Protour Costal Teal Stanley 1913;1.18L;Ash Fade;Quencher Protour Ash Fade Stanley 1913 | 1.18l;False;False
14973467427176;Quencher Protour Costal Teal Stanley 1913;1.18L;Black Fade;Quencher Protour Black Fade Stanley 1913 | 1.18l;False;False
14973467427176;Quencher Protour Costal Teal Stanley 1913;1.18L;Dried Pine;Quencher Protour Dried Pine Stanley 1913 | 1.18L;False;False
14973467427176;Quencher Protour Costal Teal Stanley 1913;1.18L;Frost Fade;Quencher Protour Frost Fade Stanley 1913 | 1.18l;False;False
14973467427176;Quencher Protour Costal Teal Stanley 1913;1.18L;Messi Black;Quencher Protour Messi Black Stanley 1913 | 1.18L;False;False
14973467427176;Quencher Protour Costal Teal Stanley 1913;1.18L;Pink Messi;Quencher Protour Pink Messi Stanley 1913 | 1.18L;False;False
14973467427176;Quencher Protour Costal Teal Stanley 1913;1.18L;Prickly Pear;Quencher Protour Prickly Pear Stanley 1913 | 1.18l;False;False
14973467427176;Quencher Protour Costal Teal Stanley 1913;1.18L;Rose Quartz Fade;Quencher Protour Rose Quartz Fade Stanley 1913 | 1.18l;False;False
14973467427176;Quencher Protour Costal Teal Stanley 1913;1.18L;Toast;Quencher Protour Toast Stanley 1913 | 1.18L;False;False
14973467427176;Quencher Protour Costal Teal Stanley 1913;1.18L;Twilight;Quencher Protour Twilight Stanley 1913 | 1.18L;False;False
14973467427176;Quencher Protour Costal Teal Stanley 1913;1.18L;Wild Blooms;Quencher Protour Wild Blooms Stanley 1913 | 1.18L;False;False
14973467427176;Quencher Protour Costal Teal Stanley 1913;1.18L;Costal Teal;Quencher Protour Costal Teal Stanley 1913 | 1.18L;False;True
14973467427176;Quencher Protour Costal Teal Stanley 1913;1.18L;Frost;Quencher Protour Frost Lovely Stanley 1913 | 1.18L;False;False
14973467427176;Quencher Protour Costal Teal Stanley 1913;1.18L;Orange Sherbet;Quencher Protour Orange Sherbet Stanley 1913 | 1.18L;False;False
14973467427176;Quencher Protour Costal Teal Stanley 1913;1.18L;Dark Navy;Quencher Protour Dark Navy Stanley 1913 | 1.18L;False;False
14973467427176;Quencher Protour Costal Teal Stanley 1913;1.18L;Cream;Quencher Protour Cream Stanley 1913 | 1.18l;False;False
14973467394408;Quencher Protour Frost Lovely Stanley 1913;1.18L;Agave;Quencher Protour Agave Stanley 1913 | 1.18l;False;False
14973467394408;Quencher Protour Frost Lovely Stanley 1913;1.18L;Ash Fade;Quencher Protour Ash Fade Stanley 1913 | 1.18l;False;False
14973467394408;Quencher Protour Frost Lovely Stanley 1913;1.18L;Black Fade;Quencher Protour Black Fade Stanley 1913 | 1.18l;False;False
14973467394408;Quencher Protour Frost Lovely Stanley 1913;1.18L;Dried Pine;Quencher Protour Dried Pine Stanley 1913 | 1.18L;False;False
14973467394408;Quencher Protour Frost Lovely Stanley 1913;1.18L;Frost Fade;Quencher Protour Frost Fade Stanley 1913 | 1.18l;False;False
14973467394408;Quencher Protour Frost Lovely Stanley 1913;1.18L;Messi Black;Quencher Protour Messi Black Stanley 1913 | 1.18L;False;False
14973467394408;Quencher Protour Frost Lovely Stanley 1913;1.18L;Pink Messi;Quencher Protour Pink Messi Stanley 1913 | 1.18L;False;False
14973467394408;Quencher Protour Frost Lovely Stanley 1913;1.18L;Prickly Pear;Quencher Protour Prickly Pear Stanley 1913 | 1.18l;False;False
14973467394408;Quencher Protour Frost Lovely Stanley 1913;1.18L;Rose Quartz Fade;Quencher Protour Rose Quartz Fade Stanley 1913 | 1.18l;False;False
14973467394408;Quencher Protour Frost Lovely Stanley 1913;1.18L;Toast;Quencher Protour Toast Stanley 1913 | 1.18L;False;False
14973467394408;Quencher Protour Frost Lovely Stanley 1913;1.18L;Twilight;Quencher Protour Twilight Stanley 1913 | 1.18L;False;False
14973467394408;Quencher Protour Frost Lovely Stanley 1913;1.18L;Wild Blooms;Quencher Protour Wild Blooms Stanley 1913 | 1.18L;False;False
14973467394408;Quencher Protour Frost Lovely Stanley 1913;1.18L;Costal Teal;Quencher Protour Costal Teal Stanley 1913 | 1.18L;False;False
14973467394408;Quencher Protour Frost Lovely Stanley 1913;1.18L;Frost;Quencher Protour Frost Lovely Stanley 1913 | 1.18L;False;True
14973467394408;Quencher Protour Frost Lovely Stanley 1913;1.18L;Orange Sherbet;Quencher Protour Orange Sherbet Stanley 1913 | 1.18L;False;False
14973467394408;Quencher Protour Frost Lovely Stanley 1913;1.18L;Dark Navy;Quencher Protour Dark Navy Stanley 1913 | 1.18L;False;False
14973467394408;Quencher Protour Frost Lovely Stanley 1913;1.18L;Cream;Quencher Protour Cream Stanley 1913 | 1.18l;False;False
14973427745128;Copo Quencher Cream Stanley 1913;591ml;Cornflower Chevron;Copo Quencher Cornflower Chevron Stanley 1913 | 591ml;False;False
14973427745128;Copo Quencher Cream Stanley 1913;591ml;Cream Chevron;Copo Quencher Cream Chevron Stanley 1913 | 591ml;False;False
14973427745128;Copo Quencher Cream Stanley 1913;591ml;Cream;Copo Quencher Cream Stanley 1913 | 591ml;False;True
14973427745128;Copo Quencher Cream Stanley 1913;591ml;Peach Rose;Copo Quencher Peach Rose Stanley 1913 | 591ml;False;False
14973427745128;Copo Quencher Cream Stanley 1913;591ml;Plumeria Chevron;Copo Quencher Plumeria Chevron Stanley 1913 | 591ml;False;False
14973427745128;Copo Quencher Cream Stanley 1913;591ml;Purple Dust;Copo Quencher Purple Dust Stanley 1913 | 591ml;False;False
14973427745128;Copo Quencher Cream Stanley 1913;591ml;Pomelo;Copo Quencher Pomelo Stanley 1913 | 591ml;False;False
14973427745128;Copo Quencher Cream Stanley 1913;591ml;Sea Foam;Copo Quencher Sea Foam Stanley 1913 | 591ml;False;False
14973427745128;Copo Quencher Cream Stanley 1913;591ml;Rose Quartz;Copo Quencher Rose Quartz Stanley 1913 | 591ml;False;False
14973427745128;Copo Quencher Cream Stanley 1913;591ml;Sea Glass Plume;Copo Quencher Sea Glass Plume Stanley 1913 | 591ml;False;False
14973427712360;Garrafa Térmica Slim Bottle Purple Dust Stanley 1913;591ml;Ash Gloss;Garrafa Térmica Slim Bottle Ash Gloss Stanley 1913 | 591ml;False;True
14973427712360;Garrafa Térmica Slim Bottle Purple Dust Stanley 1913;591ml;Cherry Blossom;Garrafa Térmica Slim Bottle Cherry Blossom Stanley 1913 | 591ml;False;False
14973427712360;Garrafa Térmica Slim Bottle Purple Dust Stanley 1913;591ml;Cream Gloss;Garrafa Térmica Slim Bottle Cream Gloss Stanley 1913 | 591ml;False;False
14973427712360;Garrafa Térmica Slim Bottle Purple Dust Stanley 1913;591ml;Dew Drop;Garrafa Térmica Slim Bottle Dew Drop Stanley 1913 | 591ml;False;False
14973427712360;Garrafa Térmica Slim Bottle Purple Dust Stanley 1913;591ml;Gilded Pomegranate;Garrafa Térmica Slim Bottle Gilded Pomegranate Stanley 1913 | 591ml;False;False
14973427712360;Garrafa Térmica Slim Bottle Purple Dust Stanley 1913;591ml;Hot Coral;Garrafa Térmica Slim Bottle Hot Coral Gloss Stanley 1913 | 591ml;False;False
14973427712360;Garrafa Térmica Slim Bottle Purple Dust Stanley 1913;591ml;Peach Rose;Garrafa Térmica Slim Bottle Peach Rose Stanley 1913 | 591ml;False;False
14973427712360;Garrafa Térmica Slim Bottle Purple Dust Stanley 1913;591ml;Pistachio;Garrafa Térmica Slim Bottle Pistachio Stanley 1913 | 591ml;False;False
14973427679592;Garrafa Térmica Slim Bottle Peach Rose Stanley 1913;591ml;Ash Gloss;Garrafa Térmica Slim Bottle Ash Gloss Stanley 1913 | 591ml;False;False
14973427679592;Garrafa Térmica Slim Bottle Peach Rose Stanley 1913;591ml;Cherry Blossom;Garrafa Térmica Slim Bottle Cherry Blossom Stanley 1913 | 591ml;False;False
14973427679592;Garrafa Térmica Slim Bottle Peach Rose Stanley 1913;591ml;Cream Gloss;Garrafa Térmica Slim Bottle Cream Gloss Stanley 1913 | 591ml;False;False
14973427679592;Garrafa Térmica Slim Bottle Peach Rose Stanley 1913;591ml;Dew Drop;Garrafa Térmica Slim Bottle Dew Drop Stanley 1913 | 591ml;False;False
14973427679592;Garrafa Térmica Slim Bottle Peach Rose Stanley 1913;591ml;Gilded Pomegranate;Garrafa Térmica Slim Bottle Gilded Pomegranate Stanley 1913 | 591ml;False;False
14973427679592;Garrafa Térmica Slim Bottle Peach Rose Stanley 1913;591ml;Hot Coral;Garrafa Térmica Slim Bottle Hot Coral Gloss Stanley 1913 | 591ml;False;False
14973427679592;Garrafa Térmica Slim Bottle Peach Rose Stanley 1913;591ml;Peach Rose;Garrafa Térmica Slim Bottle Peach Rose Stanley 1913 | 591ml;False;True
14973427679592;Garrafa Térmica Slim Bottle Peach Rose Stanley 1913;591ml;Pistachio;Garrafa Térmica Slim Bottle Pistachio Stanley 1913 | 591ml;False;False
14973427614056;Copo Quencher Purple Dust Stanley 1913;591ml;Cornflower Chevron;Copo Quencher Cornflower Chevron Stanley 1913 | 591ml;False;False
14973427614056;Copo Quencher Purple Dust Stanley 1913;591ml;Cream Chevron;Copo Quencher Cream Chevron Stanley 1913 | 591ml;False;False
14973427614056;Copo Quencher Purple Dust Stanley 1913;591ml;Cream;Copo Quencher Cream Stanley 1913 | 591ml;False;False
14973427614056;Copo Quencher Purple Dust Stanley 1913;591ml;Peach Rose;Copo Quencher Peach Rose Stanley 1913 | 591ml;False;False
14973427614056;Copo Quencher Purple Dust Stanley 1913;591ml;Plumeria Chevron;Copo Quencher Plumeria Chevron Stanley 1913 | 591ml;False;False
14973427614056;Copo Quencher Purple Dust Stanley 1913;591ml;Purple Dust;Copo Quencher Purple Dust Stanley 1913 | 591ml;False;True
14973427614056;Copo Quencher Purple Dust Stanley 1913;591ml;Pomelo;Copo Quencher Pomelo Stanley 1913 | 591ml;False;False
14973427614056;Copo Quencher Purple Dust Stanley 1913;591ml;Sea Foam;Copo Quencher Sea Foam Stanley 1913 | 591ml;False;False
14973427614056;Copo Quencher Purple Dust Stanley 1913;591ml;Rose Quartz;Copo Quencher Rose Quartz Stanley 1913 | 591ml;False;False
14973427581288;Copo Quencher Purple Dust Stanley 1913;887ml;Rose Quartz;Copo Quencher Rose Quartz Stanley 1913 | 887ML;False;False
14973427581288;Copo Quencher Purple Dust Stanley 1913;887ml;Cream;Copo Quencher Cream Stanley 1913 | 887ML;False;False
14973427581288;Copo Quencher Purple Dust Stanley 1913;887ml;Frost;Copo Quencher Frost Stanley 1913 | 887ml;False;False
14973427581288;Copo Quencher Purple Dust Stanley 1913;887ml;Black 2.0;Copo Quencher Black 2.0 Stanley 1913 | 887ML;False;False
14973427581288;Copo Quencher Purple Dust Stanley 1913;887ml;Antique Pink;Copo Quencher Antique Pink Stanley 1913 | 887ml;False;False
14973427581288;Copo Quencher Purple Dust Stanley 1913;887ml;Camel;Copo Quencher Camel Stanley 1913 | 887ml;False;False
14973427581288;Copo Quencher Purple Dust Stanley 1913;887ml;Hydrangea;Copo Quencher Hydrangea Stanley 1913 | 887ml;False;False
14973427581288;Copo Quencher Purple Dust Stanley 1913;887ml;Cherry Blossom;Copo Quencher Cherry Blossom Stanley 1913 | 887ml;False;False
14973427581288;Copo Quencher Purple Dust Stanley 1913;887ml;Cream Moon;Copo Quencher Cream Moon Stanley 1913 | 887ml;False;False
14973427581288;Copo Quencher Purple Dust Stanley 1913;887ml;Dew Drop;Copo Quencher Dew Drop Stanley 1913 | 887ml;False;False
14973427581288;Copo Quencher Purple Dust Stanley 1913;887ml;Pistachio;Copo Quencher Pistachio Stanley 1913 | 887ml;False;False
14973427581288;Copo Quencher Purple Dust Stanley 1913;887ml;Almond Rose;Copo Quencher Almond Rose Stanley 1913 | 887ml;False;False
14973427581288;Copo Quencher Purple Dust Stanley 1913;887ml;Bloom;Copo Quencher Bloom Stanley 1913 | 887ML;False;False
14973427581288;Copo Quencher Purple Dust Stanley 1913;887ml;Cornflower Cabana Gloss;Copo Quencher Cornflower Cabana Gloss Stanley 1913 | 887ml;False;False
14973427581288;Copo Quencher Purple Dust Stanley 1913;887ml;Cornflower Gloss;Copo Quencher Cornflower Gloss Stanley 1913 | 887ml;False;False
14973427581288;Copo Quencher Purple Dust Stanley 1913;887ml;Cream Royal;Copo Quencher Cream Royal Stanley 1913 | 887ml;False;False
14973427581288;Copo Quencher Purple Dust Stanley 1913;887ml;Fuchsia;Copo Quencher Fuchsia Stanley 1913 | 887ml;False;False
14973427581288;Copo Quencher Purple Dust Stanley 1913;887ml;Peach Whip Cabana Gloss;Copo Quencher Peach Whip Cabana Gloss Stanley 1913 | 887ml;False;False
14973427581288;Copo Quencher Purple Dust Stanley 1913;887ml;Peach Whip Gloss;Copo Quencher Peach Whip Gloss Stanley 1913 | 887ml;False;False
14973427581288;Copo Quencher Purple Dust Stanley 1913;887ml;Cool Serene;Copo Quencher Cool Serene Stanley 1913 | 887ML;False;False
14973427581288;Copo Quencher Purple Dust Stanley 1913;887ml;Citron;Copo Quencher Citron Stanley 1913 | 887ML;False;False
14973427581288;Copo Quencher Purple Dust Stanley 1913;887ml;Ash;Copo Quencher Ash Stanley 1913 | 887ml;False;False
14973427581288;Copo Quencher Purple Dust Stanley 1913;887ml;Black 2.0;Copo Quencher Black 2.0 Stanley 1913 | 887ml;False;False
14973427581288;Copo Quencher Purple Dust Stanley 1913;887ml;Peach Rose;Copo Quencher Peach Rose Stanley 1913 | 887ml;False;False
14973427581288;Copo Quencher Purple Dust Stanley 1913;887ml;Purple Dust;Copo Quencher Purple Dust Stanley 1913 | 887ml;False;True
14973427581288;Copo Quencher Purple Dust Stanley 1913;887ml;Sahara Plume;Copo Quencher Sahara Plume Stanley 1913 | 887ml;False;False
14973427581288;Copo Quencher Purple Dust Stanley 1913;887ml;Sea Glass Plume;Copo Quencher Sea Glass Plume Stanley 1913 | 887ml;False;False
14973427581288;Copo Quencher Purple Dust Stanley 1913;887ml;Tropical Teal;Copo Quencher Heat Wave Tropical Teal Stanley 1913 | 887ML;False;False
14973427581288;Copo Quencher Purple Dust Stanley 1913;887ml;Chili;Copo Quencher Heat Wave Heat Wave Chili Stanley 1913 | 887ML;False;False
14973427581288;Copo Quencher Purple Dust Stanley 1913;887ml;Bright Lime;Copo Quencher Heat Wave Bright Lime Stanley 1913 | 887ML;False;False
14973427548520;Copo Quencher Peach Rose Stanley 1913;887ml;Rose Quartz;Copo Quencher Rose Quartz Stanley 1913 | 887ML;False;False
14973427548520;Copo Quencher Peach Rose Stanley 1913;887ml;Cream;Copo Quencher Cream Stanley 1913 | 887ML;False;False
14973427548520;Copo Quencher Peach Rose Stanley 1913;887ml;Frost;Copo Quencher Frost Stanley 1913 | 887ml;False;False
14973427548520;Copo Quencher Peach Rose Stanley 1913;887ml;Black 2.0;Copo Quencher Black 2.0 Stanley 1913 | 887ML;False;False
14973427548520;Copo Quencher Peach Rose Stanley 1913;887ml;Antique Pink;Copo Quencher Antique Pink Stanley 1913 | 887ml;False;False
14973427548520;Copo Quencher Peach Rose Stanley 1913;887ml;Camel;Copo Quencher Camel Stanley 1913 | 887ml;False;False
14973427548520;Copo Quencher Peach Rose Stanley 1913;887ml;Hydrangea;Copo Quencher Hydrangea Stanley 1913 | 887ml;False;False
14973427548520;Copo Quencher Peach Rose Stanley 1913;887ml;Cherry Blossom;Copo Quencher Cherry Blossom Stanley 1913 | 887ml;False;False
14973427548520;Copo Quencher Peach Rose Stanley 1913;887ml;Cream Moon;Copo Quencher Cream Moon Stanley 1913 | 887ml;False;False
14973427548520;Copo Quencher Peach Rose Stanley 1913;887ml;Dew Drop;Copo Quencher Dew Drop Stanley 1913 | 887ml;False;False
14973427548520;Copo Quencher Peach Rose Stanley 1913;887ml;Pistachio;Copo Quencher Pistachio Stanley 1913 | 887ml;False;False
14973427548520;Copo Quencher Peach Rose Stanley 1913;887ml;Almond Rose;Copo Quencher Almond Rose Stanley 1913 | 887ml;False;False
14973427548520;Copo Quencher Peach Rose Stanley 1913;887ml;Bloom;Copo Quencher Bloom Stanley 1913 | 887ML;False;False
14973427548520;Copo Quencher Peach Rose Stanley 1913;887ml;Cornflower Cabana Gloss;Copo Quencher Cornflower Cabana Gloss Stanley 1913 | 887ml;False;False
14973427548520;Copo Quencher Peach Rose Stanley 1913;887ml;Cornflower Gloss;Copo Quencher Cornflower Gloss Stanley 1913 | 887ml;False;False
14973427548520;Copo Quencher Peach Rose Stanley 1913;887ml;Cream Royal;Copo Quencher Cream Royal Stanley 1913 | 887ml;False;False
14973427548520;Copo Quencher Peach Rose Stanley 1913;887ml;Fuchsia;Copo Quencher Fuchsia Stanley 1913 | 887ml;False;False
14973427548520;Copo Quencher Peach Rose Stanley 1913;887ml;Peach Whip Cabana Gloss;Copo Quencher Peach Whip Cabana Gloss Stanley 1913 | 887ml;False;False
14973427548520;Copo Quencher Peach Rose Stanley 1913;887ml;Peach Whip Gloss;Copo Quencher Peach Whip Gloss Stanley 1913 | 887ml;False;False
14973427548520;Copo Quencher Peach Rose Stanley 1913;887ml;Cool Serene;Copo Quencher Cool Serene Stanley 1913 | 887ML;False;False
14973427548520;Copo Quencher Peach Rose Stanley 1913;887ml;Citron;Copo Quencher Citron Stanley 1913 | 887ML;False;False
14973427548520;Copo Quencher Peach Rose Stanley 1913;887ml;Ash;Copo Quencher Ash Stanley 1913 | 887ml;False;False
14973427548520;Copo Quencher Peach Rose Stanley 1913;887ml;Black 2.0;Copo Quencher Black 2.0 Stanley 1913 | 887ml;False;False
14973427548520;Copo Quencher Peach Rose Stanley 1913;887ml;Peach Rose;Copo Quencher Peach Rose Stanley 1913 | 887ml;False;True
14973427548520;Copo Quencher Peach Rose Stanley 1913;887ml;Purple Dust;Copo Quencher Purple Dust Stanley 1913 | 887ml;False;False
14973427548520;Copo Quencher Peach Rose Stanley 1913;887ml;Sahara Plume;Copo Quencher Sahara Plume Stanley 1913 | 887ml;False;False
14973427548520;Copo Quencher Peach Rose Stanley 1913;887ml;Sea Glass Plume;Copo Quencher Sea Glass Plume Stanley 1913 | 887ml;False;False
14973427548520;Copo Quencher Peach Rose Stanley 1913;887ml;Tropical Teal;Copo Quencher Heat Wave Tropical Teal Stanley 1913 | 887ML;False;False
14973427548520;Copo Quencher Peach Rose Stanley 1913;887ml;Chili;Copo Quencher Heat Wave Heat Wave Chili Stanley 1913 | 887ML;False;False
14973427548520;Copo Quencher Peach Rose Stanley 1913;887ml;Bright Lime;Copo Quencher Heat Wave Bright Lime Stanley 1913 | 887ML;False;False
14973427515752;Copo Quencher Purple Dust Stanley 1913;1.18L;Cream;Copo Quencher Cream Stanley 1913 | 1.18L;False;False
14973427515752;Copo Quencher Purple Dust Stanley 1913;1.18L;Cream;Copo Quencher Cream Stanley 1913 | 1.18L;False;False
14973427515752;Copo Quencher Purple Dust Stanley 1913;1.18L;Cream Speckle;Copo Quencher Cream Speckle Stanley 1913 | 1.18L;False;False
14973427515752;Copo Quencher Purple Dust Stanley 1913;1.18L;Cream Moon;Copo Quencher Cream Moon Stanley 1913 | 1.18l;False;False
14973427515752;Copo Quencher Purple Dust Stanley 1913;1.18L;Black 2.0;Copo Quencher Black 2.0 Stanley 1913 | 1.18L;False;False
14973427515752;Copo Quencher Purple Dust Stanley 1913;1.18L;Antique Pink;Copo Quencher Antique Pink Stanley 1913 | 1.18l;False;False
14973427515752;Copo Quencher Purple Dust Stanley 1913;1.18L;Ash;Copo Quencher Ash Stanley 1913 | 1.18l;False;False
14973427515752;Copo Quencher Purple Dust Stanley 1913;1.18L;Camel;Copo Quencher Camel Stanley 1913 | 1.18l;False;False
14973427515752;Copo Quencher Purple Dust Stanley 1913;1.18L;Coastal Teal Motion;Copo Quencher Coastal Teal Motion New Frequency Stanley 1913 | 1.18L;False;False
14973427515752;Copo Quencher Purple Dust Stanley 1913;1.18L;Coastal Teal;Copo Quencher Coastal Teal New Frequency Stanley 1913 | 1.18L;False;False
14973427515752;Copo Quencher Purple Dust Stanley 1913;1.18L;Dew Drop;Copo Quencher Dew Drop Stanley 1913 | 1.18L;False;False
14973427515752;Copo Quencher Purple Dust Stanley 1913;1.18L;Golden Rod;Copo Quencher Golden Rod Stanley 1913 | 1.18L;False;False
14973427515752;Copo Quencher Purple Dust Stanley 1913;1.18L;Gunmetal;Copo Quencher Gunmetal Stanley 1913 | 1.18l;False;False
14973427515752;Copo Quencher Purple Dust Stanley 1913;1.18L;Hazy Horizon;Copo Quencher Hazy Horizon Stanley 1913 | 1.18l;False;False
14973427515752;Copo Quencher Purple Dust Stanley 1913;1.18L;Hydrangea;Copo Quencher Hydrangea Stanley 1913 | 1.18L;False;False
14973427515752;Copo Quencher Purple Dust Stanley 1913;1.18L;Pistachio;Copo Quencher Pistachio Stanley 1913 | 1.18L;False;False
14973427515752;Copo Quencher Purple Dust Stanley 1913;1.18L;Sea Foam;Copo Quencher Sea Foam Stanley 1913 | 1.18L;False;False
14973427515752;Copo Quencher Purple Dust Stanley 1913;1.18L;Rose Quartz;Copo Quencher Rose Quartz Stanley 1913 | 1.18L;False;False
14973427515752;Copo Quencher Purple Dust Stanley 1913;1.18L;Marina Shine;Copo Quencher Marina Shine Stanley 1913 | 1.18l;False;False
14973427515752;Copo Quencher Purple Dust Stanley 1913;1.18L;Resort Floral;Copo Quencher Resort Floral Stanley 1913 | 1.18l;False;False
14973427515752;Copo Quencher Purple Dust Stanley 1913;1.18L;Wisteria Shine;Copo Quencher Wisteria Shine Stanley 1913 | 1.18l;False;False
14973427515752;Copo Quencher Purple Dust Stanley 1913;1.18L;Peach Rose;Copo Quencher Peach Rose Stanley 1913 | 1.18L;False;False
14973427515752;Copo Quencher Purple Dust Stanley 1913;1.18L;Purple Dust;Copo Quencher Purple Dust Stanley 1913 | 1.18L;False;True
14973427482984;Copo Quencher Peach Rose Stanley 1913;1.18L;Cream;Copo Quencher Cream Stanley 1913 | 1.18L;False;False
14973427482984;Copo Quencher Peach Rose Stanley 1913;1.18L;Cream;Copo Quencher Cream Stanley 1913 | 1.18L;False;False
14973427482984;Copo Quencher Peach Rose Stanley 1913;1.18L;Cream Speckle;Copo Quencher Cream Speckle Stanley 1913 | 1.18L;False;False
14973427482984;Copo Quencher Peach Rose Stanley 1913;1.18L;Cream Moon;Copo Quencher Cream Moon Stanley 1913 | 1.18l;False;False
14973427482984;Copo Quencher Peach Rose Stanley 1913;1.18L;Black 2.0;Copo Quencher Black 2.0 Stanley 1913 | 1.18L;False;False
14973427482984;Copo Quencher Peach Rose Stanley 1913;1.18L;Antique Pink;Copo Quencher Antique Pink Stanley 1913 | 1.18l;False;False
14973427482984;Copo Quencher Peach Rose Stanley 1913;1.18L;Ash;Copo Quencher Ash Stanley 1913 | 1.18l;False;False
14973427482984;Copo Quencher Peach Rose Stanley 1913;1.18L;Camel;Copo Quencher Camel Stanley 1913 | 1.18l;False;False
14973427482984;Copo Quencher Peach Rose Stanley 1913;1.18L;Coastal Teal Motion;Copo Quencher Coastal Teal Motion New Frequency Stanley 1913 | 1.18L;False;False
14973427482984;Copo Quencher Peach Rose Stanley 1913;1.18L;Coastal Teal;Copo Quencher Coastal Teal New Frequency Stanley 1913 | 1.18L;False;False
14973427482984;Copo Quencher Peach Rose Stanley 1913;1.18L;Dew Drop;Copo Quencher Dew Drop Stanley 1913 | 1.18L;False;False
14973427482984;Copo Quencher Peach Rose Stanley 1913;1.18L;Golden Rod;Copo Quencher Golden Rod Stanley 1913 | 1.18L;False;False
14973427482984;Copo Quencher Peach Rose Stanley 1913;1.18L;Gunmetal;Copo Quencher Gunmetal Stanley 1913 | 1.18l;False;False
14973427482984;Copo Quencher Peach Rose Stanley 1913;1.18L;Hazy Horizon;Copo Quencher Hazy Horizon Stanley 1913 | 1.18l;False;False
14973427482984;Copo Quencher Peach Rose Stanley 1913;1.18L;Hydrangea;Copo Quencher Hydrangea Stanley 1913 | 1.18L;False;False
14973427482984;Copo Quencher Peach Rose Stanley 1913;1.18L;Pistachio;Copo Quencher Pistachio Stanley 1913 | 1.18L;False;False
14973427482984;Copo Quencher Peach Rose Stanley 1913;1.18L;Sea Foam;Copo Quencher Sea Foam Stanley 1913 | 1.18L;False;False
14973427482984;Copo Quencher Peach Rose Stanley 1913;1.18L;Rose Quartz;Copo Quencher Rose Quartz Stanley 1913 | 1.18L;False;False
14973427482984;Copo Quencher Peach Rose Stanley 1913;1.18L;Marina Shine;Copo Quencher Marina Shine Stanley 1913 | 1.18l;False;False
14973427482984;Copo Quencher Peach Rose Stanley 1913;1.18L;Resort Floral;Copo Quencher Resort Floral Stanley 1913 | 1.18l;False;False
14973427482984;Copo Quencher Peach Rose Stanley 1913;1.18L;Wisteria Shine;Copo Quencher Wisteria Shine Stanley 1913 | 1.18l;False;False
14973427482984;Copo Quencher Peach Rose Stanley 1913;1.18L;Peach Rose;Copo Quencher Peach Rose Stanley 1913 | 1.18L;False;True
14973427482984;Copo Quencher Peach Rose Stanley 1913;1.18L;Purple Dust;Copo Quencher Purple Dust Stanley 1913 | 1.18L;False;False
14973427450216;Garrafa Térmica Aerolight Flip Straw Dark Blossom Stanley 1913;1.1L;Cobalt Chartreuse;Garrafa Térmica Aerolight Flip Straw Cobalt Chartreuse Stanley 1913 | 1.1L;False;False
14973427450216;Garrafa Térmica Aerolight Flip Straw Dark Blossom Stanley 1913;1.1L;Dark Blossom;Garrafa Térmica Aerolight Flip Straw Dark Blossom Stanley 1913 | 1.1L;False;True
14973427450216;Garrafa Térmica Aerolight Flip Straw Dark Blossom Stanley 1913;1.1L;Ash;Garrafa Térmica Aerolight Flip Straw Ash Stanley 1913 | 1.1L;False;False
14973427450216;Garrafa Térmica Aerolight Flip Straw Dark Blossom Stanley 1913;1.1L;Pomelo;Garrafa Térmica Aerolight Flip Straw Pomelo Stanley 1913 | 1.1L;False;False
14973427450216;Garrafa Térmica Aerolight Flip Straw Dark Blossom Stanley 1913;1.1L;Dew Drop;Garrafa Térmica Aerolight Flip Straw Dew Drop Stanley 1913 | 1.1L;False;False
14973427450216;Garrafa Térmica Aerolight Flip Straw Dark Blossom Stanley 1913;1.1L;Black;Garrafa Térmica Aerolight Flip Straw Black Stanley 1913 | 1.1L;False;False
14973427450216;Garrafa Térmica Aerolight Flip Straw Dark Blossom Stanley 1913;1.1L;Frost;Garrafa Térmica Aerolight Flip Straw Heat Wave Frost Stanley 1913 | 1.1L;False;False
14973427417448;Garrafa Térmica Aerolight Flip Straw Cobalt Chartreuse Stanley 1913;1.1L;Cobalt Chartreuse;Garrafa Térmica Aerolight Flip Straw Cobalt Chartreuse Stanley 1913 | 1.1L;False;True
14973427417448;Garrafa Térmica Aerolight Flip Straw Cobalt Chartreuse Stanley 1913;1.1L;Dark Blossom;Garrafa Térmica Aerolight Flip Straw Dark Blossom Stanley 1913 | 1.1L;False;False
14973427417448;Garrafa Térmica Aerolight Flip Straw Cobalt Chartreuse Stanley 1913;1.1L;Ash;Garrafa Térmica Aerolight Flip Straw Ash Stanley 1913 | 1.1L;False;False
14973427417448;Garrafa Térmica Aerolight Flip Straw Cobalt Chartreuse Stanley 1913;1.1L;Pomelo;Garrafa Térmica Aerolight Flip Straw Pomelo Stanley 1913 | 1.1L;False;False
14973427417448;Garrafa Térmica Aerolight Flip Straw Cobalt Chartreuse Stanley 1913;1.1L;Dew Drop;Garrafa Térmica Aerolight Flip Straw Dew Drop Stanley 1913 | 1.1L;False;False
14973427417448;Garrafa Térmica Aerolight Flip Straw Cobalt Chartreuse Stanley 1913;1.1L;Black;Garrafa Térmica Aerolight Flip Straw Black Stanley 1913 | 1.1L;False;False
14973427417448;Garrafa Térmica Aerolight Flip Straw Cobalt Chartreuse Stanley 1913;1.1L;Frost;Garrafa Térmica Aerolight Flip Straw Heat Wave Frost Stanley 1913 | 1.1L;False;False
14973427351912;Quencher Protour Dark Blossom Stanley 1913;591ml;Rose Quartz Fade;Quencher Protour Rose Quartz Fade Stanley 1913 | 591ml;False;False
14973427351912;Quencher Protour Dark Blossom Stanley 1913;591ml;Ash Fade;Quencher Protour Ash Fade Stanley 1913 | 591ml;False;False
14973427351912;Quencher Protour Dark Blossom Stanley 1913;591ml;Azure Fade;Quencher Protour Azure Fade Stanley 1913 | 591ml;False;False
14973427351912;Quencher Protour Dark Blossom Stanley 1913;591ml;Cobalt;Quencher Protour Cobalt Stanley 1913 | 591ml;False;False
14973427351912;Quencher Protour Dark Blossom Stanley 1913;591ml;Dark Blossom;Quencher Protour Dark Blossom Stanley 1913 | 591ml;False;True
14973427319144;Quencher Protour Cobalt Stanley 1913;591ml;Rose Quartz Fade;Quencher Protour Rose Quartz Fade Stanley 1913 | 591ml;False;False
14973427319144;Quencher Protour Cobalt Stanley 1913;591ml;Ash Fade;Quencher Protour Ash Fade Stanley 1913 | 591ml;False;False
14973427319144;Quencher Protour Cobalt Stanley 1913;591ml;Azure Fade;Quencher Protour Azure Fade Stanley 1913 | 591ml;False;False
14973427319144;Quencher Protour Cobalt Stanley 1913;591ml;Cobalt;Quencher Protour Cobalt Stanley 1913 | 591ml;False;True
14973427319144;Quencher Protour Cobalt Stanley 1913;591ml;Dark Blossom;Quencher Protour Dark Blossom Stanley 1913 | 591ml;False;False
14973427057000;Garrafa Térmica Aerolight Flip Straw Ash Stanley 1913;1.46L;Ash;Garrafa Térmica Aerolight Flip Straw Ash Stanley 1913 | 1.46L;False;True
14973427057000;Garrafa Térmica Aerolight Flip Straw Ash Stanley 1913;1.46L;Black 2.0;Garrafa Térmica Aerolight Flip Straw Black 2.0 Stanley 1913 | 1.46L;False;False
14973427024232;Garrafa Térmica Aerolight Flip Straw Black 2.0 Stanley 1913;1.46L;Ash;Garrafa Térmica Aerolight Flip Straw Ash Stanley 1913 | 1.46L;False;False
14973427024232;Garrafa Térmica Aerolight Flip Straw Black 2.0 Stanley 1913;1.46L;Black 2.0;Garrafa Térmica Aerolight Flip Straw Black 2.0 Stanley 1913 | 1.46L;False;True
14973426991464;Garrafa Térmica Aerolight Flip Straw Twilight Stanley 1913;710ml;Pomelo;Garrafa Térmica Aerolight Flip Straw Pomelo Stanley 1913 | 710ml;False;False
14973426991464;Garrafa Térmica Aerolight Flip Straw Twilight Stanley 1913;710ml;Lilac;Garrafa Térmica Aerolight Flip Straw Lilac Stanley 1913 | 710ml;False;False
14973426991464;Garrafa Térmica Aerolight Flip Straw Twilight Stanley 1913;710ml;Black;Garrafa Térmica Aerolight Flip Straw Black Stanley 1913 | 710ML;False;False
14973426991464;Garrafa Térmica Aerolight Flip Straw Twilight Stanley 1913;710ml;Ash;Garrafa Térmica Aerolight Flip Straw Ash Stanley 1913 | 710ml;False;False
14973426991464;Garrafa Térmica Aerolight Flip Straw Twilight Stanley 1913;710ml;Rose Quartz;Garrafa Térmica Aerolight Flip Straw Rose Quartz Stanley 1913 | 710ml;False;False
14973426991464;Garrafa Térmica Aerolight Flip Straw Twilight Stanley 1913;710ml;Hot Coral;Garrafa Térmica Aerolight Flip Straw Hot Coral Stanley 1913 | 710ml;False;False
14973426991464;Garrafa Térmica Aerolight Flip Straw Twilight Stanley 1913;710ml;Splash;Garrafa Térmica Aerolight Flip Straw Splash Stanley 1913 | 710ml;False;False
14973426991464;Garrafa Térmica Aerolight Flip Straw Twilight Stanley 1913;710ml;Frost;Garrafa Térmica Aerolight Flip Straw Heat Wave Frost Stanley 1913 | 710ML;False;False
14973426991464;Garrafa Térmica Aerolight Flip Straw Twilight Stanley 1913;710ml;Vivid Violet;Garrafa Térmica Aerolight Flip Straw Heat Wave Vivid Violet Stanley 1913 | 710ML;False;False
14973426991464;Garrafa Térmica Aerolight Flip Straw Twilight Stanley 1913;710ml;Apple Shimmer;Garrafa Térmica Aerolight Flip Straw Stanley 1913 Candy Apple Shimmer  | 710ML;False;False
14973426991464;Garrafa Térmica Aerolight Flip Straw Twilight Stanley 1913;710ml;Clover Shimmer;Garrafa Térmica Aerolight Flip Straw Stanley 1913 Clover Shimmer | 710ML;False;False
14973426991464;Garrafa Térmica Aerolight Flip Straw Twilight Stanley 1913;710ml;Pink Messi;Garrafa Térmica Aerolight Flip Straw Pink Messi Stanley 1913 | 710ml;False;False
14973426991464;Garrafa Térmica Aerolight Flip Straw Twilight Stanley 1913;710ml;Striker Blue;Garrafa Térmica Aerolight Flip Straw Messi Blue Stanley 1913 | 710ml;False;False
14973426991464;Garrafa Térmica Aerolight Flip Straw Twilight Stanley 1913;710ml;Cornflower Gloss;Garrafa Térmica Aerolight Flip Straw Cornflower Gloss Stanley 1913 | 710ml;False;False
14973426991464;Garrafa Térmica Aerolight Flip Straw Twilight Stanley 1913;710ml;Peach Whip Gloss;Garrafa Térmica Aerolight Flip Straw Peach Whip Gloss Stanley 1913 | 710ml;False;False
14973426991464;Garrafa Térmica Aerolight Flip Straw Twilight Stanley 1913;710ml;Cream Rose Gold;Garrafa Térmica Aerolight Flip Straw Cream Rose Gold Stanley 1913 | 710ml;False;False
14973426991464;Garrafa Térmica Aerolight Flip Straw Twilight Stanley 1913;710ml;Terracota;Garrafa Térmica Aerolight Flip Straw Terracota Stanley 1913 | 710ml;False;False
14973426991464;Garrafa Térmica Aerolight Flip Straw Twilight Stanley 1913;710ml;Agave;Garrafa Térmica Aerolight Flip Straw Agave Stanley 1913 | 710ml;False;False
14973426991464;Garrafa Térmica Aerolight Flip Straw Twilight Stanley 1913;710ml;Dark Blossom;Garrafa Térmica Aerolight Flip Straw Dark Blossom Stanley 1913 | 710ml;False;False
14973426991464;Garrafa Térmica Aerolight Flip Straw Twilight Stanley 1913;710ml;Messi Black;Garrafa Térmica Aerolight Flip Straw Messi Black Stanley 1913 | 710ml;False;False
14973426991464;Garrafa Térmica Aerolight Flip Straw Twilight Stanley 1913;710ml;Prickly Pear;Garrafa Térmica Aerolight Flip Straw Prickly Pear Stanley 1913 | 710ml;False;False
14973426991464;Garrafa Térmica Aerolight Flip Straw Twilight Stanley 1913;710ml;Twilight;Garrafa Térmica Aerolight Flip Straw Twilight Stanley 1913 | 710ml;False;True
14973426991464;Garrafa Térmica Aerolight Flip Straw Twilight Stanley 1913;710ml;Honeydew Hypergrip;Garrafa Térmica Aerolight Flip Straw Honeydew Hypergrip Stanley 1913 | 710ml;False;False
14973420142952;Copo Quencher Ash Stanley 1913;887ml;Rose Quartz;Copo Quencher Rose Quartz Stanley 1913 | 887ML;False;False
14973420142952;Copo Quencher Ash Stanley 1913;887ml;Cream;Copo Quencher Cream Stanley 1913 | 887ML;False;False
14973420142952;Copo Quencher Ash Stanley 1913;887ml;Frost;Copo Quencher Frost Stanley 1913 | 887ml;False;False
14973420142952;Copo Quencher Ash Stanley 1913;887ml;Black 2.0;Copo Quencher Black 2.0 Stanley 1913 | 887ML;False;False
14973420142952;Copo Quencher Ash Stanley 1913;887ml;Antique Pink;Copo Quencher Antique Pink Stanley 1913 | 887ml;False;False
14973420142952;Copo Quencher Ash Stanley 1913;887ml;Camel;Copo Quencher Camel Stanley 1913 | 887ml;False;False
14973420142952;Copo Quencher Ash Stanley 1913;887ml;Hydrangea;Copo Quencher Hydrangea Stanley 1913 | 887ml;False;False
14973420142952;Copo Quencher Ash Stanley 1913;887ml;Cherry Blossom;Copo Quencher Cherry Blossom Stanley 1913 | 887ml;False;False
14973420142952;Copo Quencher Ash Stanley 1913;887ml;Cream Moon;Copo Quencher Cream Moon Stanley 1913 | 887ml;False;False
14973420142952;Copo Quencher Ash Stanley 1913;887ml;Dew Drop;Copo Quencher Dew Drop Stanley 1913 | 887ml;False;False
14973420142952;Copo Quencher Ash Stanley 1913;887ml;Pistachio;Copo Quencher Pistachio Stanley 1913 | 887ml;False;False
14973420142952;Copo Quencher Ash Stanley 1913;887ml;Almond Rose;Copo Quencher Almond Rose Stanley 1913 | 887ml;False;False
14973420142952;Copo Quencher Ash Stanley 1913;887ml;Bloom;Copo Quencher Bloom Stanley 1913 | 887ML;False;False
14973420142952;Copo Quencher Ash Stanley 1913;887ml;Cornflower Cabana Gloss;Copo Quencher Cornflower Cabana Gloss Stanley 1913 | 887ml;False;False
14973420142952;Copo Quencher Ash Stanley 1913;887ml;Cornflower Gloss;Copo Quencher Cornflower Gloss Stanley 1913 | 887ml;False;False
14973420142952;Copo Quencher Ash Stanley 1913;887ml;Cream Royal;Copo Quencher Cream Royal Stanley 1913 | 887ml;False;False
14973420142952;Copo Quencher Ash Stanley 1913;887ml;Fuchsia;Copo Quencher Fuchsia Stanley 1913 | 887ml;False;False
14973420142952;Copo Quencher Ash Stanley 1913;887ml;Peach Whip Cabana Gloss;Copo Quencher Peach Whip Cabana Gloss Stanley 1913 | 887ml;False;False
14973420142952;Copo Quencher Ash Stanley 1913;887ml;Peach Whip Gloss;Copo Quencher Peach Whip Gloss Stanley 1913 | 887ml;False;False
14973420142952;Copo Quencher Ash Stanley 1913;887ml;Cool Serene;Copo Quencher Cool Serene Stanley 1913 | 887ML;False;False
14973420142952;Copo Quencher Ash Stanley 1913;887ml;Citron;Copo Quencher Citron Stanley 1913 | 887ML;False;False
14973420142952;Copo Quencher Ash Stanley 1913;887ml;Ash;Copo Quencher Ash Stanley 1913 | 887ml;False;True
14973420142952;Copo Quencher Ash Stanley 1913;887ml;Black 2.0;Copo Quencher Black 2.0 Stanley 1913 | 887ml;False;False
14973420142952;Copo Quencher Ash Stanley 1913;887ml;Peach Rose;Copo Quencher Peach Rose Stanley 1913 | 887ml;False;False
14973420142952;Copo Quencher Ash Stanley 1913;887ml;Purple Dust;Copo Quencher Purple Dust Stanley 1913 | 887ml;False;False
14973420142952;Copo Quencher Ash Stanley 1913;887ml;Sahara Plume;Copo Quencher Sahara Plume Stanley 1913 | 887ml;False;False
14973420142952;Copo Quencher Ash Stanley 1913;887ml;Sea Glass Plume;Copo Quencher Sea Glass Plume Stanley 1913 | 887ml;False;False
14973420142952;Copo Quencher Ash Stanley 1913;887ml;Tropical Teal;Copo Quencher Heat Wave Tropical Teal Stanley 1913 | 887ML;False;False
14973420142952;Copo Quencher Ash Stanley 1913;887ml;Chili;Copo Quencher Heat Wave Heat Wave Chili Stanley 1913 | 887ML;False;False
14973420142952;Copo Quencher Ash Stanley 1913;887ml;Bright Lime;Copo Quencher Heat Wave Bright Lime Stanley 1913 | 887ML;False;False
14973401629032;Garrafa Térmica Twist Flip Stanley 1913 Sage Grey;710ML;Chalk;Garrafa  Térmica Twist Flip Stanley 1913 Chalk | 710ML;False;False
14973401629032;Garrafa Térmica Twist Flip Stanley 1913 Sage Grey;710ML;Black 2.0;Garrafa Térmica Twist Flip Stanley 1913 Black 2.0 | 710ML;False;False
14973401629032;Garrafa Térmica Twist Flip Stanley 1913 Sage Grey;710ML;Chartreuse;Garrafa Térmica Twist Flip Stanley 1913 Chartreuse | 710ML;False;False
14973401629032;Garrafa Térmica Twist Flip Stanley 1913 Sage Grey;710ML;Cobalt Chartreuse;Garrafa Térmica Twist Flip Stanley 1913 Cobalt Chartreuse |  710ML;False;False
14973401629032;Garrafa Térmica Twist Flip Stanley 1913 Sage Grey;710ML;Dark Blossom;Garrafa Térmica Twist Flip Stanley 1913 Dark Blossom | 710ML;False;False
14973401629032;Garrafa Térmica Twist Flip Stanley 1913 Sage Grey;710ML;Rose Quartz;Garrafa Térmica Twist Flip Stanley 1913 Rose Quartz | 710ML;False;False
14973401629032;Garrafa Térmica Twist Flip Stanley 1913 Sage Grey;710ML;Sage Grey;Garrafa Térmica Twist Flip Stanley 1913 Sage Grey | 710ML;False;True
14973401596264;Garrafa Térmica Twist Flip Stanley 1913 Chartreuse;710ML;Chalk;Garrafa  Térmica Twist Flip Stanley 1913 Chalk | 710ML;False;False
14973401596264;Garrafa Térmica Twist Flip Stanley 1913 Chartreuse;710ML;Black 2.0;Garrafa Térmica Twist Flip Stanley 1913 Black 2.0 | 710ML;False;False
14973401596264;Garrafa Térmica Twist Flip Stanley 1913 Chartreuse;710ML;Chartreuse;Garrafa Térmica Twist Flip Stanley 1913 Chartreuse | 710ML;False;True
14973401596264;Garrafa Térmica Twist Flip Stanley 1913 Chartreuse;710ML;Cobalt Chartreuse;Garrafa Térmica Twist Flip Stanley 1913 Cobalt Chartreuse |  710ML;False;False
14973401596264;Garrafa Térmica Twist Flip Stanley 1913 Chartreuse;710ML;Dark Blossom;Garrafa Térmica Twist Flip Stanley 1913 Dark Blossom | 710ML;False;False
14973401596264;Garrafa Térmica Twist Flip Stanley 1913 Chartreuse;710ML;Rose Quartz;Garrafa Térmica Twist Flip Stanley 1913 Rose Quartz | 710ML;False;False
14973401596264;Garrafa Térmica Twist Flip Stanley 1913 Chartreuse;710ML;Sage Grey;Garrafa Térmica Twist Flip Stanley 1913 Sage Grey | 710ML;False;False
14973401563496;Garrafa Térmica Twist Flip Stanley 1913 Dark Blossom;710ML;Chalk;Garrafa  Térmica Twist Flip Stanley 1913 Chalk | 710ML;False;False
14973401563496;Garrafa Térmica Twist Flip Stanley 1913 Dark Blossom;710ML;Black 2.0;Garrafa Térmica Twist Flip Stanley 1913 Black 2.0 | 710ML;False;False
14973401563496;Garrafa Térmica Twist Flip Stanley 1913 Dark Blossom;710ML;Chartreuse;Garrafa Térmica Twist Flip Stanley 1913 Chartreuse | 710ML;False;False
14973401563496;Garrafa Térmica Twist Flip Stanley 1913 Dark Blossom;710ML;Cobalt Chartreuse;Garrafa Térmica Twist Flip Stanley 1913 Cobalt Chartreuse |  710ML;False;False
14973401563496;Garrafa Térmica Twist Flip Stanley 1913 Dark Blossom;710ML;Dark Blossom;Garrafa Térmica Twist Flip Stanley 1913 Dark Blossom | 710ML;False;True
14973401563496;Garrafa Térmica Twist Flip Stanley 1913 Dark Blossom;710ML;Rose Quartz;Garrafa Térmica Twist Flip Stanley 1913 Rose Quartz | 710ML;False;False
14973401563496;Garrafa Térmica Twist Flip Stanley 1913 Dark Blossom;710ML;Sage Grey;Garrafa Térmica Twist Flip Stanley 1913 Sage Grey | 710ML;False;False
14973401530728;Garrafa Térmica Twist Flip Stanley 1913 Cobalt Chartreuse;710ML;Chalk;Garrafa  Térmica Twist Flip Stanley 1913 Chalk | 710ML;False;False
14973401530728;Garrafa Térmica Twist Flip Stanley 1913 Cobalt Chartreuse;710ML;Black 2.0;Garrafa Térmica Twist Flip Stanley 1913 Black 2.0 | 710ML;False;False
14973401530728;Garrafa Térmica Twist Flip Stanley 1913 Cobalt Chartreuse;710ML;Chartreuse;Garrafa Térmica Twist Flip Stanley 1913 Chartreuse | 710ML;False;False
14973401530728;Garrafa Térmica Twist Flip Stanley 1913 Cobalt Chartreuse;710ML;Cobalt Chartreuse;Garrafa Térmica Twist Flip Stanley 1913 Cobalt Chartreuse |  710ML;False;True
14973401530728;Garrafa Térmica Twist Flip Stanley 1913 Cobalt Chartreuse;710ML;Dark Blossom;Garrafa Térmica Twist Flip Stanley 1913 Dark Blossom | 710ML;False;False
14973401530728;Garrafa Térmica Twist Flip Stanley 1913 Cobalt Chartreuse;710ML;Rose Quartz;Garrafa Térmica Twist Flip Stanley 1913 Rose Quartz | 710ML;False;False
14973401530728;Garrafa Térmica Twist Flip Stanley 1913 Cobalt Chartreuse;710ML;Sage Grey;Garrafa Térmica Twist Flip Stanley 1913 Sage Grey | 710ML;False;False
14973401465192;Garrafa  Térmica Twist Flip Stanley 1913 Chalk;710ML;Chalk;Garrafa  Térmica Twist Flip Stanley 1913 Chalk | 710ML;False;True
14973401465192;Garrafa  Térmica Twist Flip Stanley 1913 Chalk;710ML;Black 2.0;Garrafa Térmica Twist Flip Stanley 1913 Black 2.0 | 710ML;False;False
14973401465192;Garrafa  Térmica Twist Flip Stanley 1913 Chalk;710ML;Chartreuse;Garrafa Térmica Twist Flip Stanley 1913 Chartreuse | 710ML;False;False
14973401465192;Garrafa  Térmica Twist Flip Stanley 1913 Chalk;710ML;Cobalt Chartreuse;Garrafa Térmica Twist Flip Stanley 1913 Cobalt Chartreuse |  710ML;False;False
14973401465192;Garrafa  Térmica Twist Flip Stanley 1913 Chalk;710ML;Dark Blossom;Garrafa Térmica Twist Flip Stanley 1913 Dark Blossom | 710ML;False;False
14973401465192;Garrafa  Térmica Twist Flip Stanley 1913 Chalk;710ML;Rose Quartz;Garrafa Térmica Twist Flip Stanley 1913 Rose Quartz | 710ML;False;False
14973401465192;Garrafa  Térmica Twist Flip Stanley 1913 Chalk;710ML;Sage Grey;Garrafa Térmica Twist Flip Stanley 1913 Sage Grey | 710ML;False;False
14973401432424;Garrafa Térmica Twist Flip Stanley 1913 Rose Quartz;710ML;Chalk;Garrafa  Térmica Twist Flip Stanley 1913 Chalk | 710ML;False;False
14973401432424;Garrafa Térmica Twist Flip Stanley 1913 Rose Quartz;710ML;Black 2.0;Garrafa Térmica Twist Flip Stanley 1913 Black 2.0 | 710ML;False;False
14973401432424;Garrafa Térmica Twist Flip Stanley 1913 Rose Quartz;710ML;Chartreuse;Garrafa Térmica Twist Flip Stanley 1913 Chartreuse | 710ML;False;False
14973401432424;Garrafa Térmica Twist Flip Stanley 1913 Rose Quartz;710ML;Cobalt Chartreuse;Garrafa Térmica Twist Flip Stanley 1913 Cobalt Chartreuse |  710ML;False;False
14973401432424;Garrafa Térmica Twist Flip Stanley 1913 Rose Quartz;710ML;Dark Blossom;Garrafa Térmica Twist Flip Stanley 1913 Dark Blossom | 710ML;False;False
14973401432424;Garrafa Térmica Twist Flip Stanley 1913 Rose Quartz;710ML;Rose Quartz;Garrafa Térmica Twist Flip Stanley 1913 Rose Quartz | 710ML;False;True
14973401432424;Garrafa Térmica Twist Flip Stanley 1913 Rose Quartz;710ML;Sage Grey;Garrafa Térmica Twist Flip Stanley 1913 Sage Grey | 710ML;False;False
14973401399656;Garrafa Térmica Twist Flip Stanley 1913 Black 2.0;710ML;Chalk;Garrafa  Térmica Twist Flip Stanley 1913 Chalk | 710ML;False;False
14973401399656;Garrafa Térmica Twist Flip Stanley 1913 Black 2.0;710ML;Black 2.0;Garrafa Térmica Twist Flip Stanley 1913 Black 2.0 | 710ML;False;True
14973401399656;Garrafa Térmica Twist Flip Stanley 1913 Black 2.0;710ML;Chartreuse;Garrafa Térmica Twist Flip Stanley 1913 Chartreuse | 710ML;False;False
14973401399656;Garrafa Térmica Twist Flip Stanley 1913 Black 2.0;710ML;Cobalt Chartreuse;Garrafa Térmica Twist Flip Stanley 1913 Cobalt Chartreuse |  710ML;False;False
14973401399656;Garrafa Térmica Twist Flip Stanley 1913 Black 2.0;710ML;Dark Blossom;Garrafa Térmica Twist Flip Stanley 1913 Dark Blossom | 710ML;False;False
14973401399656;Garrafa Térmica Twist Flip Stanley 1913 Black 2.0;710ML;Rose Quartz;Garrafa Térmica Twist Flip Stanley 1913 Rose Quartz | 710ML;False;False
14973401399656;Garrafa Térmica Twist Flip Stanley 1913 Black 2.0;710ML;Sage Grey;Garrafa Térmica Twist Flip Stanley 1913 Sage Grey | 710ML;False;False
14973401366888;Tulipa Térmica Pink Mesa Sunset Gloss Stanley 1913;414ml;Black Eclipse;Tulipa Térmica Black Eclipse Stanley 1913 | 414ml;False;False
14973401366888;Tulipa Térmica Pink Mesa Sunset Gloss Stanley 1913;414ml;Pink Mesa Sunset Gloss;Tulipa Térmica Pink Mesa Sunset Gloss Stanley 1913 | 414ml;False;True
14973401334120;Beer Tumbler Happy Hour Pink Mesa Sunset Gloss Stanley 1913;354ml;Pink Mesa Sunset Gloss;Beer Tumbler Happy Hour Pink Mesa Sunset Gloss Stanley 1913 | 354ml;False;True
